keggId	uniprotId
Q0045	P00401
Q0050	P03875
Q0055	P03876
Q0060	P03877
Q0065	P03878
Q0070	Q9ZZX1
Q0075	Q9ZZX0
Q0080	P00856
Q0085	P00854
Q0105	P00163
Q0110	P03873
Q0115	Q9ZZW7
Q0120	P03879
Q0130	P61829
Q0140	P02381
Q0160	P03882
Q0250	P00410
Q0255	P03881
Q0275	P00420
YAL001C	P34111
YAL002W	P39702
YAL003W	P32471
YAL005C	P10591
YAL007C	P39704
YAL008W	P18411
YAL009W	P18410
YAL010C	P18409
YAL011W	P31376
YAL012W	P31373
YAL013W	P31385
YAL014C	P31377
YAL015C	P31378
YAL016W	P31383
YAL017W	P31374
YAL018C	P31379
YAL019W	P31380
YAL020C	P31386
YAL021C	P31384
YAL022C	P31381
YAL023C	P31382
YAL024C	P07866
YAL025C	P10962
YAL026C	P39524
YAL027W	P39735
YAL028W	P39734
YAL029C	P32492
YAL030W	P31109
YAL031C	P39732
YAL032C	P28004
YAL033W	P28005
YAL034C	P28003
YAL034W-A	P39731
YAL035W	P39730
YAL036C	P39729
YAL037C-A	Q3E741
YAL037W	P39728
YAL038W	P00549
YAL039C	P06182
YAL040C	P13365
YAL041W	P11433
YAL042W	P39727
YAL043C	Q01329
YAL044C	P39726
YAL044W-A	Q3E793
YAL046C	P39724
YAL047C	P39723
YAL048C	P39722
YAL049C	P39721
YAL051W	P39720
YAL053W	P39719
YAL054C	Q01574
YAL055W	P39718
YAL056W	P39717
YAL058W	P27825
YAL059W	P39715
YAL060W	P39714
YAL061W	P39713
YAL062W	P39708
YAL063C	P39712
YAL063C-A	Q3E791
YAL064C-A	Q6B2U8
YAL064W	P39711
YAL064W-B	O13512
YAL065C	O13511
YAL067C	P39709
YAL067W-A	Q8TGK6
YAL068C	P0CE93
YAL068C	P0CE92
YAL068C	Q3E770
YAR002C-A	Q05359
YAR002W	P39705
YAR003W	P39706
YAR007C	P22336
YAR008W	P39707
YAR009C	O13527
YAR010C	P0CX57
YAR010C	P0CX58
YAR014C	P27637
YAR015W	P27616
YAR018C	P22209
YAR019C	P27636
YAR020C	P39545
YAR023C	D6VPM8
YAR027W	P39547
YAR028W	P39548
YAR029W	P39549
YAR031W	P39551
YAR033W	P39552
YAR035C-A	Q8TGV0
YAR035W	P80235
YAR042W	P35845
YAR050W	P32768
YAR064W	P39563
YAR066W	P0CX18
YAR066W	P0CX19
YAR068W	P39564
YAR071W	P35842
YBL001C	P35195
YBL002W	P02294
YBL003C	P04912
YBL004W	P35194
YBL005W	P33200
YBL005W-A	Q12266
YBL005W-B	Q12490
YBL006C	P38210
YBL007C	P32790
YBL008W	P32479
YBL008W-A	Q3E821
YBL009W	P32789
YBL010C	P32788
YBL011W	P32784
YBL013W	P32785
YBL014C	P32786
YBL015W	P32316
YBL016W	P16892
YBL017C	P32319
YBL018C	P38208
YBL019W	P38207
YBL020W	P38206
YBL021C	P13434
YBL022C	P36775
YBL023C	P29469
YBL024W	P38205
YBL025W	P38204
YBL026W	P38203
YBL027W	P0CX82
YBL027W	P0CX83
YBL028C	P38202
YBL029C-A	Q3E756
YBL029W	P38201
YBL030C	P18239
YBL031W	P38200
YBL032W	P38199
YBL033C	P38066
YBL034C	P38198
YBL035C	P38121
YBL036C	P38197
YBL037W	P38065
YBL038W	P38064
YBL039C	P28274
YBL039W-B	P0C268
YBL040C	P18414
YBL041W	P23724
YBL042C	P38196
YBL043W	P38195
YBL044W	P38194
YBL045C	P07256
YBL046W	P38193
YBL047C	P34216
YBL049W	P38191
YBL050W	P32602
YBL051C	P34217
YBL052C	P34218
YBL054W	P34219
YBL055C	P34220
YBL056W	P34221
YBL057C	P34222
YBL058W	P34223
YBL059C-A	Q3E7A4
YBL059W	P34224
YBL060W	P34225
YBL061C	P34226
YBL063W	P28742
YBL064C	P34227
YBL066C	P34228
YBL067C	P38187
YBL068W	P38063
YBL069W	P35183
YBL071C	P38185
YBL071C-B	Q8TGU8
YBL071W-A	Q3E840
YBL072C	P0CX39
YBL072C	P0CX40
YBL074C	P32357
YBL075C	P09435
YBL076C	P09436
YBL078C	P38182
YBL079W	P38181
YBL080C	P33893
YBL081W	P38180
YBL082C	P38179
YBL084C	P38042
YBL085W	P38041
YBL086C	P38177
YBL087C	P0CX41
YBL087C	P0CX42
YBL088C	P38110
YBL089W	P38176
YBL090W	P38175
YBL091C	P38174
YBL091C-A	Q6Q595
YBL092W	P38061
YBL093C	P25046
YBL095W	P38172
YBL097W	P38170
YBL098W	P38169
YBL099W	P07251
YBL100W-A	Q12260
YBL100W-B	Q12491
YBL100W-C	P0C269
YBL101C	P38167
YBL102W	P38166
YBL103C	P38165
YBL104C	P38164
YBL105C	P24583
YBL106C	P38163
YBL107C	P38162
YBL108C-A	Q3E770
YBL111C	Q3E7Y5
YBL112C	Q3E7Y4
YBL112C	A0A023PXF5
YBL113C	Q7M4S9
YBR001C	P35172
YBR002C	P35196
YBR003W	P18900
YBR004C	P38211
YBR005W	P38212
YBR006W	P38067
YBR007C	P38213
YBR008C	P38124
YBR009C	P02309
YBR010W	P61830
YBR011C	P00817
YBR012W-A	Q12217
YBR012W-B	Q12193
YBR013C	P38215
YBR014C	P38068
YBR015C	P38069
YBR016W	P38216
YBR017C	P38217
YBR018C	P08431
YBR019C	P04397
YBR020W	P04385
YBR021W	P05316
YBR022W	P38218
YBR023C	P29465
YBR024W	P38072
YBR025C	P38219
YBR026C	P38071
YBR027C	P38220
YBR028C	P38070
YBR029C	P38221
YBR030W	P38222
YBR031W	P10664
YBR032W	P38223
YBR033W	P38073
YBR034C	P38074
YBR035C	P38075
YBR036C	P35206
YBR037C	P23833
YBR038W	P14180
YBR039W	P38077
YBR040W	P38224
YBR041W	P38225
YBR042C	P38226
YBR043C	P38227
YBR044C	P38228
YBR045C	P38229
YBR046C	P38230
YBR047W	P38231
YBR048W	P0CX47
YBR048W	P0CX48
YBR049C	P21538
YBR050C	P38232
YBR052C	P38234
YBR053C	P38235
YBR054W	P38079
YBR055C	P19735
YBR056W	P38081
YBR056W-A	I2HB52
YBR057C	P38236
YBR058C	P38237
YBR058C-A	Q3E790
YBR059C	P38080
YBR060C	P32833
YBR061C	P38238
YBR062C	P38239
YBR063C	P38083
YBR065C	P38241
YBR066C	P38082
YBR067C	P27654
YBR068C	P38084
YBR069C	P38085
YBR070C	P38242
YBR071W	P38243
YBR072C-A	Q3E794
YBR072W	P15992
YBR073W	P38086
YBR074W	P38244
YBR076W	P38246
YBR077C	P38247
YBR078W	P38248
YBR079C	P38249
YBR080C	P18759
YBR081C	P35177
YBR082C	P15731
YBR083W	P18412
YBR084C-A	P0CX82
YBR084C-A	P0CX83
YBR084W	P09440
YBR085C-A	O43137
YBR085W	P18238
YBR086C	P38250
YBR087W	P38251
YBR088C	P15873
YBR089C-A	P11633
YBR090C	P38253
YBR091C	P32830
YBR092C	P24031
YBR093C	P00635
YBR094W	P38254
YBR095C	P38255
YBR096W	P38256
YBR097W	P22219
YBR098W	P38257
YBR101C	P38260
YBR102C	P38261
YBR103W	P38262
YBR104W	P38087
YBR105C	P38263
YBR106W	P38264
YBR107C	P38265
YBR108W	P38266
YBR109C	P06787
YBR110W	P16661
YBR111C	Q01976
YBR111W-A	Q6WNK7
YBR112C	P14922
YBR114W	P31244
YBR115C	P07702
YBR117C	P33315
YBR118W	P02994
YBR119W	P32605
YBR120C	P07253
YBR121C	P38088
YBR122C	P36531
YBR123C	P32367
YBR125C	P38089
YBR126C	Q00764
YBR126W-A	Q8TGU7
YBR127C	P16140
YBR128C	P38270
YBR129C	P38271
YBR130C	P38272
YBR131W	P38273
YBR132C	P38090
YBR133C	P38274
YBR135W	P20486
YBR136W	P38111
YBR137W	P38276
YBR138C	P38277
YBR139W	P38109
YBR140C	P18963
YBR141C	P38278
YBR142W	P38112
YBR143C	P12385
YBR145W	P38113
YBR146W	P38120
YBR147W	P38279
YBR148W	P38280
YBR149W	P38115
YBR150C	P38114
YBR151W	P38281
YBR152W	P38282
YBR153W	P33312
YBR154C	P20434
YBR155W	P33313
YBR156C	P38283
YBR157C	P38284
YBR158W	P38285
YBR159W	P38286
YBR160W	P00546
YBR161W	P38287
YBR162C	P38288
YBR162W-A	P38374
YBR163W	P38289
YBR164C	P38116
YBR165W	P38290
YBR166C	P20049
YBR167C	P38291
YBR168W	P38292
YBR169C	P32590
YBR170C	P33755
YBR171W	P33754
YBR172C	P32909
YBR173C	P38293
YBR175W	P38123
YBR176W	P38122
YBR177C	P38295
YBR179C	P38297
YBR180W	P38125
YBR181C	P0CX37
YBR181C	P0CX38
YBR182C	P38128
YBR182C-A	Q8TGU6
YBR183W	P38298
YBR184W	P38299
YBR185C	P38300
YBR186W	P38126
YBR187W	P38301
YBR188C	P38302
YBR189W	P05755
YBR191W	Q02753
YBR192W	P38127
YBR193C	P38304
YBR194W	P38305
YBR195C	P13712
YBR196C	P12709
YBR196C-A	Q3E820
YBR196C-B	Q3E778
YBR197C	P38306
YBR198C	P38129
YBR199W	P38131
YBR200W	P29366
YBR200W-A	Q3E755
YBR201C-A	Q2V2Q3
YBR201W	P38307
YBR202W	P38132
YBR203W	P38308
YBR204C	P38139
YBR205W	P38130
YBR207W	P38310
YBR208C	P32528
YBR210W	P38312
YBR211C	P38313
YBR212W	P32831
YBR213W	P15807
YBR214W	P38314
YBR215W	Q01448
YBR216C	P38315
YBR217W	P38316
YBR218C	P32327
YBR219C	P38317
YBR220C	P38318
YBR221C	P32473
YBR221W-A	Q3E781
YBR222C	P38137
YBR223C	P38319
YBR225W	P38321
YBR227C	P38323
YBR228W	P38324
YBR229C	P38138
YBR230C	P38325
YBR230W-A	Q3E762
YBR231C	P38326
YBR233W	P38151
YBR233W-A	P69850
YBR234C	P38328
YBR235W	P38329
YBR236C	P32783
YBR237W	P21372
YBR238C	P38330
YBR239C	P38140
YBR240C	P38141
YBR241C	P38142
YBR242W	P38331
YBR243C	P07286
YBR244W	P38143
YBR245C	P38144
YBR246W	P38332
YBR247C	P38333
YBR248C	P33734
YBR249C	P32449
YBR250W	P33757
YBR251W	P33759
YBR252W	P33317
YBR253W	P32570
YBR254C	P38334
YBR255C-A	Q3E776
YBR255W	P38335
YBR256C	P38145
YBR257W	P38336
YBR258C	P38337
YBR259W	P38338
YBR260C	P38339
YBR261C	P38340
YBR262C	P38341
YBR263W	P37292
YBR264C	P38146
YBR265W	P38342
YBR267W	P38344
YBR268W	P36532
YBR269C	P38345
YBR270C	P38346
YBR271W	P38347
YBR272C	P38348
YBR273C	P38349
YBR274W	P38147
YBR275C	P29539
YBR276C	P38148
YBR278W	P27344
YBR279W	P38351
YBR280C	P38352
YBR281C	P38149
YBR282W	P36526
YBR283C	P38353
YBR284W	P38150
YBR285W	P38354
YBR286W	P37302
YBR287W	P38355
YBR288C	P38153
YBR289W	P18480
YBR290W	P38356
YBR291C	P38152
YBR293W	P38358
YBR294W	P38359
YBR295W	P38360
YBR296C	P38361
YBR296C-A	Q8TGU5
YBR297W	P38157
YBR298C	P38156
YBR298C-A	Q8TGK4
YBR299W	P38158
YBR301W	P38155
YBR302C	P0CX12
YBR302C	P0CX13
YCL001W	P25560
YCL001W-A	P87012
YCL001W-B	Q96VH2
YCL002C	P25565
YCL004W	P25578
YCL005W	P25587
YCL005W-A	Q3E7B6
YCL008C	P25604
YCL009C	P25605
YCL010C	P25554
YCL011C	P25555
YCL012C	Q8J0M4
YCL014W	P25558
YCL016C	P25559
YCL017C	P25374
YCL018W	P04173
YCL019W	P25384
YCL020W	P25383
YCL021W-A	Q96VH3
YCL024W	P25389
YCL025C	P25376
YCL026C-A	P37261
YCL026C-B	Q96VH4
YCL027W	P11710
YCL028W	P25367
YCL029C	P11709
YCL030C	P00815
YCL031C	P25368
YCL032W	P25344
YCL033C	P25566
YCL034W	P25369
YCL035C	P25373
YCL036W	P25370
YCL037C	P25567
YCL038C	P25568
YCL039W	P25569
YCL040W	P17709
YCL042W	P25572
YCL043C	P17967
YCL044C	P25573
YCL045C	P25574
YCL047C	P25576
YCL048W	P25380
YCL048W-A	Q2V2Q2
YCL049C	P25577
YCL050C	P16550
YCL051W	P25579
YCL052C	P25580
YCL054W	P25582
YCL054W-A	A0A0B7P221
YCL055W	P25583
YCL056C	P25584
YCL057C-A	Q96VH5
YCL057W	P25375
YCL058C	P25585
YCL058W-A	Q2V2Q1
YCL059C	P25586
YCL061C	P25588
YCL063W	P25591
YCL064C	P25379
YCL066W	P0CY07
YCL066W	P0CY06
YCL067C	P0CY09
YCL067C	P0CY08
YCL068C	P25593
YCL069W	P25594
YCL073C	P25596
YCR002C	P25342
YCR003W	P25348
YCR004C	P25349
YCR005C	P08679
YCR007C	P25354
YCR008W	P25333
YCR009C	P25343
YCR010C	P25613
YCR011C	P25371
YCR012W	P00560
YCR014C	P25615
YCR015C	P25616
YCR016W	P25617
YCR017C	P25618
YCR018C	P09007
YCR019W	P23060
YCR020C	P25362
YCR020C-A	P23059
YCR020W-B	Q9URQ5
YCR021C	P25619
YCR023C	P25351
YCR024C	P25345
YCR024C-A	P32903
YCR024C-B	Q3E7Z8
YCR026C	P25353
YCR027C	P25378
YCR028C	P25621
YCR028C-A	P32445
YCR030C	P25623
YCR031C	P06367
YCR032W	P25356
YCR033W	P25357
YCR034W	P25358
YCR035C	P25359
YCR036W	P25332
YCR037C	P25360
YCR038C	P25300
YCR039C	P0CY09
YCR039C	P0CY08
YCR040W	P0CY07
YCR040W	P0CY06
YCR041W	P37265
YCR042C	P23255
YCR043C	P25361
YCR044C	P25625
YCR045C	P25381
YCR046C	P25626
YCR047C	P25627
YCR048W	P25628
YCR050C	P25630
YCR051W	P25631
YCR052W	P25632
YCR053W	P16120
YCR054C	P25355
YCR057C	P25635
YCR059C	P25637
YCR060W	P25638
YCR061W	P25639
YCR063W	P25337
YCR065W	P25364
YCR066W	P10862
YCR067C	P25365
YCR068W	P25641
YCR069W	P25334
YCR071C	P25642
YCR072C	P25382
YCR073C	P25390
YCR073W-A	P37262
YCR075C	P17261
YCR075W-A	Q3E830
YCR076C	P25659
YCR077C	P25644
YCR079W	P25646
YCR081W	P25648
YCR082W	P25649
YCR083W	P25372
YCR084C	P16649
YCR086W	P25651
YCR087C-A	P37263
YCR088W	P15891
YCR089W	P25653
YCR090C	P25654
YCR091W	P25341
YCR092C	P25336
YCR093W	P25655
YCR094W	P25656
YCR095C	P25366
YCR095W-A	Q3E787
YCR096C	P0CY13
YCR097W	P0CY11
YCR098C	P25346
YCR099C	P25657
YCR100C	P25606
YCR101C	P25607
YCR102C	P25608
YCR104W	P25610
YCR105W	P25377
YCR106W	P25611
YCR107W	P25612
YCR108C	Q3E819
YDL001W	Q03441
YDL002C	Q03435
YDL003W	Q12158
YDL004W	Q12165
YDL005C	Q12124
YDL006W	P35182
YDL007C-A	Q2V2Q0
YDL007W	P40327
YDL008W	Q12157
YDL009C	Q12210
YDL010W	Q12438
YDL012C	Q12489
YDL013W	P32828
YDL014W	P15646
YDL015C	Q99190
YDL017W	P06243
YDL018C	Q12403
YDL019C	Q12451
YDL020C	Q03465
YDL021W	Q12008
YDL022C-A	P0C5L6
YDL022W	Q00055
YDL024C	P52290
YDL025C	Q12100
YDL027C	Q07349
YDL028C	P54199
YDL029W	P32381
YDL030W	P19736
YDL031W	Q12389
YDL033C	Q12093
YDL035C	Q12361
YDL036C	Q12069
YDL037C	Q12140
YDL039C	Q12459
YDL040C	P12945
YDL042C	P06700
YDL043C	Q07350
YDL044C	P10849
YDL045C	P38913
YDL045W-A	O75012
YDL046W	Q12408
YDL047W	P20604
YDL048C	Q07351
YDL049C	P50112
YDL051W	P33399
YDL052C	P33333
YDL053C	Q07362
YDL054C	Q07376
YDL055C	P41940
YDL056W	P39678
YDL057W	Q07379
YDL058W	P25386
YDL059C	Q12223
YDL060W	Q07381
YDL061C	P41058
YDL063C	Q07395
YDL064W	P50623
YDL065C	Q07418
YDL066W	P21954
YDL067C	P07255
YDL069C	P14066
YDL070W	Q07442
YDL072C	Q07451
YDL073W	Q07454
YDL074C	Q07457
YDL075W	P0C2H8
YDL076C	Q07458
YDL077C	Q07468
YDL078C	P32419
YDL079C	P50873
YDL080C	Q07471
YDL081C	P05318
YDL082W	Q12690
YDL083C	P0CX51
YDL083C	P0CX52
YDL084W	Q07478
YDL085C-A	Q3E7B7
YDL085W	Q07500
YDL086W	Q07505
YDL087C	Q07508
YDL088C	Q05166
YDL089W	Q12066
YDL090C	P22007
YDL091C	Q12229
YDL092W	P38985
YDL093W	P52867
YDL095W	P33775
YDL097C	Q12377
YDL098C	Q12368
YDL099W	Q12191
YDL100C	Q12154
YDL101C	P39009
YDL102W	P15436
YDL103C	P43123
YDL104C	P43122
YDL105W	P43124
YDL106C	P07269
YDL107W	P40990
YDL108W	P06242
YDL109C	Q12103
YDL110C	Q12513
YDL111C	Q12277
YDL112W	Q07527
YDL113C	Q07528
YDL114W	Q07530
YDL115C	Q07532
YDL116W	P52891
YDL117W	Q07533
YDL119C	Q07534
YDL120W	Q07540
YDL121C	Q07541
YDL122W	P25037
YDL123W	Q07549
YDL124W	Q07551
YDL125C	Q04344
YDL126C	P25694
YDL127W	P25693
YDL128W	Q99385
YDL129W	Q07555
YDL130W	P10622
YDL130W-A	P01098
YDL131W	Q12122
YDL132W	Q12018
YDL133C-A	P0CX86
YDL133C-A	P0CX87
YDL133W	Q12516
YDL134C	P23594
YDL135C	Q12434
YDL136W	P0CX84
YDL136W	P0CX85
YDL137W	P19146
YDL138W	Q12300
YDL139C	Q12334
YDL140C	P04050
YDL141W	P48445
YDL142C	Q07560
YDL143W	P39078
YDL144C	Q07589
YDL145C	P53622
YDL146W	Q12342
YDL147W	Q12250
YDL148C	Q99207
YDL149W	Q12142
YDL150W	P25441
YDL153C	Q12136
YDL154W	Q12175
YDL155W	P24870
YDL156W	Q12510
YDL157C	Q12082
YDL159W	P06784
YDL159W-A	Q3E774
YDL160C	P39517
YDL160C-A	Q3E829
YDL161W	Q12518
YDL164C	P04819
YDL165W	P06100
YDL166C	Q12055
YDL167C	P32770
YDL168W	P32771
YDL169C	P32772
YDL170W	P26370
YDL171C	Q12680
YDL173W	Q12515
YDL174C	P32891
YDL175C	Q12476
YDL176W	Q12027
YDL177C	Q12257
YDL178W	P46681
YDL179W	Q12477
YDL180W	Q12301
YDL181W	P01097
YDL182W	P48570
YDL183C	P48569
YDL184C	P0CX86
YDL184C	P0CX87
YDL185W	P17255
YDL186W	P48568
YDL188C	P23595
YDL189W	Q05672
YDL190C	P54860
YDL191W	P0CX84
YDL191W	P0CX85
YDL192W	P11076
YDL193W	Q12063
YDL194W	P10870
YDL195W	P38968
YDL197C	P32448
YDL198C	P38988
YDL199C	Q12407
YDL200C	P26188
YDL201W	Q12009
YDL202W	P36521
YDL203C	Q07622
YDL204W	Q12443
YDL205C	P28789
YDL206W	Q12424
YDL207W	Q12315
YDL208W	P32495
YDL209C	Q12046
YDL210W	P32837
YDL211C	Q12121
YDL212W	Q02774
YDL213C	Q07623
YDL214C	Q12310
YDL215C	P33327
YDL216C	Q12468
YDL217C	Q12328
YDL218W	Q07629
YDL219W	Q07648
YDL220C	P32797
YDL222C	Q07651
YDL223C	Q07653
YDL224C	Q07655
YDL225W	Q07657
YDL226C	P35197
YDL227C	P09932
YDL229W	P11484
YDL230W	P25044
YDL231C	Q07660
YDL232W	Q99380
YDL233W	Q07684
YDL234C	P48365
YDL235C	Q07688
YDL236W	P19881
YDL237W	Q07716
YDL238C	Q07729
YDL239C	Q07732
YDL240W	P35688
YDL241W	Q07738
YDL243C	Q07747
YDL244W	Q07748
YDL245C	P54854
YDL246C	Q07786
YDL247W	P0CD99
YDL248W	Q07788
YDR001C	P32356
YDR002W	P41920
YDR003W	Q03446
YDR003W-A	Q3E7Z7
YDR004W	P25301
YDR005C	P41910
YDR006C	P40317
YDR007W	P00912
YDR009W	P13045
YDR011W	P32568
YDR012W	P49626
YDR013W	Q12488
YDR014W	Q99359
YDR014W-A	Q03937
YDR016C	Q12248
YDR017C	Q12494
YDR018C	Q12185
YDR019C	P48015
YDR020C	Q12084
YDR021W	Q12099
YDR022C	Q12421
YDR023W	P07284
YDR025W	P0CX47
YDR025W	P0CX48
YDR026C	Q12457
YDR027C	Q12071
YDR028C	Q00816
YDR030C	Q12021
YDR031W	Q04341
YDR032C	Q12335
YDR033W	Q12117
YDR034C	P40971
YDR034C-A	P0C289
YDR034C-C	Q12392
YDR034C-D	Q12472
YDR034W-B	Q6Q5X2
YDR035W	P14843
YDR036C	P28817
YDR037W	P15180
YDR038C	Q12691
YDR039C	Q01896
YDR040C	P13587
YDR041W	Q03201
YDR042C	Q03205
YDR043C	Q03125
YDR044W	P11353
YDR045C	Q04307
YDR046C	P41815
YDR047W	P32347
YDR049W	Q04311
YDR050C	P00942
YDR051C	Q99288
YDR052C	P32325
YDR054C	P14682
YDR055W	Q12355
YDR056C	Q12025
YDR057W	Q99220
YDR058C	P54857
YDR059C	P15732
YDR060W	Q12176
YDR061W	Q12298
YDR062W	P40970
YDR063W	Q12156
YDR064W	P05756
YDR065W	Q12167
YDR066C	Q12378
YDR067C	Q12454
YDR068W	P54858
YDR069C	P32571
YDR070C	Q12497
YDR071C	Q12447
YDR072C	P38954
YDR073W	P38956
YDR074W	P31688
YDR075W	P32345
YDR076W	P38953
YDR077W	Q01589
YDR078C	P38957
YDR079C-A	Q3E7C1
YDR079W	P38958
YDR080W	P38959
YDR081C	P32896
YDR082W	P38960
YDR083W	P38961
YDR084C	P38962
YDR085C	P33304
YDR086C	P35179
YDR087C	P35178
YDR088C	Q02775
YDR089W	P38966
YDR090C	Q03193
YDR091C	Q03195
YDR092W	P52490
YDR093W	Q12675
YDR096W	Q03833
YDR097C	Q03834
YDR098C	Q03835
YDR098C-A	Q03856
YDR098C-B	Q03855
YDR099W	P34730
YDR100W	Q03860
YDR101C	Q03862
YDR103W	P32917
YDR104C	Q03868
YDR105C	Q12116
YDR106W	Q04549
YDR107C	Q04562
YDR108W	P46944
YDR109C	Q04585
YDR110W	O13329
YDR111C	P52892
YDR113C	P40316
YDR114C	Q04597
YDR115W	Q04598
YDR116C	Q04599
YDR117C	Q04600
YDR118W	Q04601
YDR119W	Q04602
YDR119W-A	Q2V2P9
YDR120C	P15565
YDR121W	Q04603
YDR122W	P13185
YDR123C	P26798
YDR124W	Q04608
YDR125C	Q04623
YDR126W	Q04629
YDR127W	P08566
YDR128W	Q03897
YDR129C	P32599
YDR130C	Q03898
YDR131C	Q03899
YDR132C	Q03900
YDR135C	P39109
YDR137W	P16664
YDR138W	P17629
YDR139C	Q03919
YDR140W	Q03920
YDR141C	Q03921
YDR142C	P39108
YDR143C	P22470
YDR144C	P53379
YDR145W	Q03761
YDR146C	P08153
YDR147W	Q03764
YDR148C	P19262
YDR150W	Q00402
YDR151C	P47976
YDR152W	Q03768
YDR153C	Q03769
YDR155C	P14832
YDR156W	P50106
YDR158W	P13663
YDR159W	P46674
YDR160W	Q03770
YDR161W	Q03771
YDR162C	Q12163
YDR163W	Q03772
YDR164C	P30619
YDR165W	Q03774
YDR166C	P89102
YDR167W	Q12030
YDR168W	P06101
YDR169C	Q12427
YDR169C-A	Q3E789
YDR170C	P11075
YDR170W-A	Q03964
YDR171W	Q12329
YDR172W	P05453
YDR173C	P07250
YDR174W	Q03973
YDR175C	Q03976
YDR176W	P32494
YDR177W	P21734
YDR178W	P37298
YDR179C	Q03981
YDR179W-A	Q03983
YDR180W	Q04002
YDR181C	Q04003
YDR182W	P40986
YDR182W-A	Q3E796
YDR183W	Q04004
YDR184C	Q04005
YDR185C	Q04006
YDR186C	Q04007
YDR188W	P39079
YDR189W	P22213
YDR190C	Q03940
YDR191W	P53688
YDR192C	P49686
YDR194C	P15424
YDR194W-A	Q3E818
YDR195W	P42073
YDR196C	Q03941
YDR197W	P14905
YDR198C	Q03942
YDR200C	Q03944
YDR201W	Q03954
YDR202C	Q03956
YDR204W	O13525
YDR205W	Q03455
YDR206W	Q03466
YDR207C	P39001
YDR208W	P38994
YDR210C-C	Q12441
YDR210C-D	Q99231
YDR210W	Q03482
YDR210W-A	Q03483
YDR210W-B	Q03494
YDR211W	P32501
YDR212W	P12612
YDR213W	Q12151
YDR214W	Q12449
YDR216W	P07248
YDR217C	P14737
YDR218C	Q04921
YDR219C	Q04922
YDR221W	Q04924
YDR222W	Q04925
YDR223W	Q04930
YDR224C	P02293
YDR225W	P04911
YDR226W	P07170
YDR227W	P11978
YDR228C	P39081
YDR229W	Q04934
YDR231C	Q04935
YDR232W	P09950
YDR233C	Q04947
YDR234W	P49367
YDR235W	Q03776
YDR236C	Q03778
YDR237W	P36519
YDR238C	P41810
YDR239C	Q03780
YDR240C	Q03782
YDR242W	P22580
YDR243C	P23394
YDR244W	P35056
YDR245W	P50108
YDR246W	Q03784
YDR246W-A	Q3E763
YDR247W	Q03785
YDR248C	Q03786
YDR249C	Q03787
YDR251W	P37304
YDR252W	P40314
YDR253C	Q12041
YDR254W	P38907
YDR255C	Q12508
YDR256C	P15202
YDR257C	Q12504
YDR258C	P33416
YDR259C	Q03935
YDR260C	Q12379
YDR261C	P52911
YDR261C-C	O74302
YDR261C-D	Q07793
YDR261W-A	Q99303
YDR261W-B	Q07791
YDR262W	Q12331
YDR263C	Q12086
YDR264C	P39010
YDR265W	Q05568
YDR266C	Q05580
YDR267C	Q05583
YDR268W	P04803
YDR270W	P38995
YDR272W	Q05584
YDR273W	Q05610
YDR275W	Q05611
YDR276C	P87284
YDR277C	P35198
YDR279W	Q05635
YDR280W	Q05636
YDR281C	Q05637
YDR282C	Q05648
YDR283C	P15442
YDR284C	Q05521
YDR285W	P31111
YDR286C	Q05530
YDR287W	Q05533
YDR288W	Q05541
YDR289C	Q05543
YDR291W	Q05549
YDR292C	P32916
YDR293C	P24276
YDR294C	Q05567
YDR295C	Q06629
YDR296W	Q06630
YDR297W	P38992
YDR298C	P09457
YDR299W	Q06631
YDR300C	P32264
YDR301W	Q06632
YDR302W	Q06636
YDR303C	Q06639
YDR304C	P35176
YDR305C	P49775
YDR306C	Q06640
YDR307W	Q06644
YDR308C	P47822
YDR309C	Q06648
YDR310C	P46676
YDR311W	P32776
YDR312W	Q12153
YDR313C	Q06651
YDR314C	Q06665
YDR315C	Q06667
YDR316W	Q06668
YDR316W-A	P0CX65
YDR316W-A	P0CX66
YDR316W-A	P0CX67
YDR316W-A	P0CX68
YDR316W-A	P0CX69
YDR316W-B	P0C2I2
YDR317W	Q06674
YDR318W	Q06675
YDR319C	Q06676
YDR320C	Q06677
YDR320C-A	P69851
YDR321W	P38986
YDR322C-A	P81449
YDR322W	Q06678
YDR323C	P32609
YDR324C	Q06679
YDR325W	Q06680
YDR326C	Q06681
YDR328C	P52286
YDR329C	P28795
YDR330W	Q06682
YDR331W	P49018
YDR332W	Q06683
YDR333C	Q05468
YDR334W	Q05471
YDR335W	P52918
YDR336W	Q05473
YDR337W	P21771
YDR338C	Q05497
YDR339C	Q05498
YDR341C	Q05506
YDR342C	P39004
YDR343C	P39003
YDR345C	P32466
YDR346C	Q05515
YDR347W	P10662
YDR348C	Q05518
YDR349C	Q06325
YDR350C	P50273
YDR351W	P42223
YDR352W	Q06328
YDR353W	P29509
YDR354W	P07285
YDR356W	P32380
YDR357C	Q06333
YDR358W	Q06336
YDR359C	Q06337
YDR361C	Q06338
YDR362C	Q06339
YDR363W	Q06340
YDR363W-A	O94742
YDR364C	P40968
YDR365C	Q06344
YDR365W-A	P0CX70
YDR365W-A	P0CX71
YDR365W-A	P0CX72
YDR365W-A	P0CX73
YDR365W-B	P0C2I3
YDR366C	P87287
YDR367W	Q06346
YDR368W	Q12458
YDR369C	P33301
YDR370C	Q06349
YDR371W	Q06350
YDR372C	Q06385
YDR373W	Q06389
YDR374C	Q06390
YDR374W-A	Q2V2P8
YDR375C	P32839
YDR376W	P48360
YDR377W	Q06405
YDR378C	Q06406
YDR379C-A	Q3E785
YDR379W	Q06407
YDR380W	Q06408
YDR381C-A	Q3E6R5
YDR381W	Q12159
YDR382W	P02400
YDR383C	Q12493
YDR384C	Q12359
YDR385W	P32324
YDR386W	Q04149
YDR387C	Q04162
YDR388W	P39743
YDR389W	P17121
YDR390C	P52488
YDR391C	Q04170
YDR392W	P06844
YDR393W	Q04172
YDR394W	P33298
YDR395W	Q04175
YDR397C	Q92317
YDR398W	Q04177
YDR399W	Q04178
YDR400W	Q04179
YDR402C	P21595
YDR403W	P21623
YDR404C	P34087
YDR405W	P32387
YDR406W	Q04182
YDR407C	Q04183
YDR408C	P04161
YDR409W	Q04195
YDR410C	P32584
YDR411C	Q12743
YDR412W	Q04031
YDR414C	P16151
YDR415C	Q04033
YDR416W	Q04048
YDR418W	P0CX53
YDR418W	P0CX54
YDR419W	Q04049
YDR420W	P41809
YDR421W	Q04052
YDR422C	P32578
YDR423C	P24813
YDR424C	Q02647
YDR425W	Q04053
YDR427W	Q04062
YDR428C	Q04066
YDR429C	Q04067
YDR430C	P32898
YDR432W	Q01560
YDR434W	Q04080
YDR435C	Q04081
YDR436W	P33329
YDR437W	Q04082
YDR438W	Q04083
YDR439W	Q04087
YDR440W	Q04089
YDR441C	P36973
YDR443C	P38931
YDR444W	Q04093
YDR446W	Q04110
YDR447C	P14127
YDR448W	Q02336
YDR449C	Q02354
YDR450W	P0CX55
YDR450W	P0CX56
YDR451C	Q04116
YDR452W	Q04119
YDR453C	Q04120
YDR454C	P15454
YDR456W	Q04121
YDR457W	Q03280
YDR458C	Q03281
YDR459C	Q03289
YDR460W	Q03290
YDR461C-A	Q2V2P7
YDR461W	P34165
YDR462W	P36527
YDR463W	Q00947
YDR464W	P38904
YDR465C	Q03305
YDR466W	Q03306
YDR468C	Q03322
YDR469W	Q03323
YDR470C	Q03327
YDR471W	P0C2H7
YDR472W	Q03337
YDR473C	Q03338
YDR475C	Q03361
YDR476C	Q03362
YDR477W	P06782
YDR478W	P40993
YDR479C	Q03370
YDR480W	Q03373
YDR481C	P11491
YDR482C	Q03375
YDR483W	P27809
YDR484W	P39904
YDR485C	Q03388
YDR486C	Q03390
YDR487C	Q99258
YDR488C	P40960
YDR489W	Q03406
YDR490C	Q03407
YDR492W	Q03419
YDR493W	Q03429
YDR494W	Q03430
YDR495C	P23643
YDR496C	Q04373
YDR497C	P30605
YDR498C	P28791
YDR499W	Q04377
YDR500C	P51402
YDR501W	Q04383
YDR502C	P19358
YDR503C	Q04396
YDR504C	Q04398
YDR505C	P50896
YDR506C	Q04399
YDR507C	Q12263
YDR508C	P48813
YDR510W	Q12306
YDR511W	Q04401
YDR512C	Q04406
YDR513W	P17695
YDR514C	Q04408
YDR515W	Q12034
YDR516C	Q04409
YDR517W	Q04410
YDR518W	P32474
YDR519W	P32472
YDR520C	Q04411
YDR522C	P08459
YDR523C	P08458
YDR524C	Q04412
YDR524C-B	Q3E6R4
YDR524W-C	P0C1Z1
YDR525W-A	P56508
YDR527W	Q04418
YDR528W	Q04429
YDR529C	P00128
YDR530C	P22108
YDR531W	Q04430
YDR532C	Q04431
YDR533C	Q04432
YDR534C	Q04433
YDR536W	P39932
YDR538W	P33751
YDR539W	Q03034
YDR540C	Q03036
YDR541C	Q03049
YDR542W	Q03050
YDR545W	P0CX20
YDR545W	P0CX21
YDR545W	P0CX22
YEL001C	P40006
YEL002C	P33767
YEL003W	P40005
YEL004W	P40004
YEL005C	P40003
YEL006W	P39953
YEL007W	P40002
YEL009C	P03069
YEL011W	P32775
YEL012W	P28263
YEL013W	P39968
YEL015W	P39998
YEL016C	P39997
YEL017C-A	P40975
YEL017W	P39996
YEL018W	P39995
YEL019C	P38632
YEL020C	P39994
YEL020W-A	O74700
YEL021W	P03962
YEL022W	P39993
YEL023C	P39992
YEL024W	P08067
YEL025C	P39991
YEL026W	P39990
YEL027W	P25515
YEL029C	P39988
YEL030W	P39987
YEL031W	P39986
YEL032W	P24279
YEL033W	P32633
YEL034W	P23301
YEL035C	P32630
YEL036C	P32629
YEL037C	P32628
YEL038W	P32626
YEL039C	P00045
YEL040W	P32623
YEL041W	P32622
YEL042W	P32621
YEL043W	P32618
YEL044W	P32617
YEL046C	P37303
YEL047C	P32614
YEL048C	P32613
YEL049W	P32612
YEL050C	P32611
YEL051W	P32610
YEL052W	P32317
YEL053C	Q02197
YEL054C	P0CX53
YEL054C	P0CX54
YEL055C	P39985
YEL056W	P39984
YEL057C	P39983
YEL058W	P38628
YEL059C-A	Q05676
YEL060C	P09232
YEL061C	P27895
YEL062W	P39923
YEL063C	P04817
YEL064C	P39981
YEL065W	P39980
YEL066W	P39979
YEL067C	P39978
YEL068C	P39977
YEL069C	P39924
YEL070W	P0CX08
YEL070W	P0CX09
YEL071W	P39976
YEL072W	P39975
YEL073C	P39974
YEL075C	P39972
YEL076C	P39971
YEL076C-A	P0CX16
YEL076C-A	P0CX17
YEL077C	Q3E7X8
YER001W	P39106
YER002W	P40007
YER003C	P29952
YER004W	P40008
YER005W	P40009
YER006W	P40010
YER007C-A	P89886
YER007W	P39937
YER008C	P33332
YER009W	P33331
YER010C	P40011
YER011W	P10863
YER012W	P22141
YER013W	P24384
YER014C-A	P85052
YER014W	P40012
YER015W	P39518
YER016W	P40013
YER017C	P39925
YER018C	P40014
YER019C-A	P52871
YER019W	P40015
YER020W	P10823
YER021W	P40016
YER022W	P32569
YER023W	P32263
YER024W	P40017
YER025W	P32481
YER026C	P08456
YER027C	Q04739
YER028C	P39943
YER029C	P40018
YER030W	P40019
YER031C	P38555
YER032W	P40020
YER033C	P40021
YER034W	P40022
YER035W	P40023
YER036C	P40024
YER037W	P40025
YER038C	P40026
YER038W-A	A0A023PZB3
YER039C	P0CE11
YER039C-A	P0CD97
YER040W	P18494
YER041W	P40028
YER042W	P40029
YER043C	P39954
YER044C	P40030
YER044C-A	P29467
YER045C	P39970
YER046W	P40031
YER047C	P39955
YER048C	P39101
YER048W-A	Q6Q560
YER049W	P40032
YER050C	P40033
YER051W	P40034
YER052C	P10869
YER053C	P40035
YER053C-A	Q3E7B0
YER054C	P40036
YER055C	P00498
YER056C	P17064
YER056C-A	P87262
YER057C	P40037
YER058W	Q02771
YER059W	P40038
YER060W	P40039
YER060W-A	Q12119
YER061C	P39525
YER062C	P40106
YER063W	P40040
YER064C	P40041
YER065C	P28240
YER066W	P40042
YER067W	P40043
YER068W	P34909
YER069W	Q01217
YER070W	P21524
YER071C	P40045
YER072W	P40046
YER073W	P40047
YER074W	P0CX31
YER074W	P0CX32
YER074W-A	Q3E834
YER075C	P40048
YER076C	P40049
YER077C	P40050
YER078C	P40051
YER078W-A	Q3E7A2
YER079W	P40052
YER080W	P40053
YER081W	P40054
YER082C	P40055
YER083C	P40056
YER084W	P40057
YER085C	P40058
YER086W	P00927
YER087C-B	P52870
YER087W	P39965
YER088C	P40059
YER089C	P39966
YER090W	P00899
YER091C	P05694
YER092W	P40060
YER093C	P40061
YER093C-A	P87275
YER094C	P25451
YER095W	P25454
YER096W	P39000
YER098W	P39967
YER099C	P38620
YER100W	P33296
YER101C	P39945
YER102W	P0CX39
YER102W	P0CX40
YER103W	P22202
YER104W	P40063
YER105C	P40064
YER106W	P40065
YER107C	P40066
YER110C	P40069
YER111C	P25302
YER112W	P40070
YER113C	P40071
YER114C	P39969
YER115C	Q01684
YER116C	P40072
YER117W	P0CX41
YER117W	P0CX42
YER118C	P40073
YER119C	P40074
YER120W	P40075
YER121W	P40076
YER122C	P38682
YER123W	P39962
YER124C	P40077
YER125W	P39940
YER126C	P40078
YER127W	P40079
YER128W	P40080
YER129W	P38990
YER130C	P39959
YER131W	P39939
YER132C	P32634
YER133W	P32598
YER134C	P40081
YER136W	P39958
YER137C	P40083
YER137C-A	P0CX70
YER137C-A	P0CX71
YER137C-A	P0CX72
YER137C-A	P0CX73
YER138C	Q03612
YER138W-A	P0C270
YER139C	P40084
YER140W	P40085
YER141W	P40086
YER142C	P22134
YER143W	P40087
YER144C	P39944
YER145C	P40088
YER146W	P40089
YER147C	P40090
YER148W	P13393
YER149C	P40091
YER150W	P40092
YER151C	Q01477
YER152C	P10356
YER153C	P10355
YER154W	P39952
YER155C	P39960
YER156C	P40093
YER157W	P40094
YER158C	P40095
YER159C	P40096
YER159C-A	P0CX65
YER159C-A	P0CX66
YER159C-A	P0CX67
YER159C-A	P0CX68
YER159C-A	P0CX69
YER160C	Q03619
YER161C	P06843
YER162C	P14736
YER163C	P32656
YER164W	P32657
YER165W	P04147
YER166W	P32660
YER167W	P33306
YER168C	P21269
YER169W	P39956
YER170W	P26364
YER171W	P06839
YER172C	P32639
YER173W	P32641
YER174C	P32642
YER175C	P32643
YER175W-A	Q8TGU4
YER176W	P32644
YER177W	P29311
YER178W	P16387
YER179W	P25453
YER180C	P32645
YER180C-A	Q3E784
YER182W	P40098
YER183C	P40099
YER184C	P39961
YER185W	P40100
YER186C	P40101
YER187W	P40102
YER188C-A	P0C0V2
YER189W	P40104
YER190C-B	P0CX95
YER190C-B	P0CX94
YER190C-B	P0CX96
YER190C-B	P0CX98
YER190C-B	P0CX97
YER190W	P40105
YFL001W	P31115
YFL002C	P25808
YFL002W-A	P0CX63
YFL002W-A	P0CX64
YFL002W-B	P0CX61
YFL002W-B	P0CX62
YFL003C	P40965
YFL004W	P43585
YFL005W	P07560
YFL007W	P43583
YFL008W	P32908
YFL009W	P07834
YFL010C	P43582
YFL010W-A	P32450
YFL011W	P43581
YFL012W	P43580
YFL013C	P43579
YFL014W	P22943
YFL016C	P35191
YFL017C	P43577
YFL017W-A	P40204
YFL018C	P09624
YFL020C	P43575
YFL021W	P43574
YFL022C	P15625
YFL023W	P43573
YFL024C	P43572
YFL025C	P43571
YFL026W	D6VTK4
YFL027C	P43570
YFL028C	P43569
YFL029C	P43568
YFL030W	P43567
YFL031W	P41546
YFL033C	P43565
YFL034C-A	P56628
YFL034C-B	P43563
YFL034W	P43564
YFL036W	P13433
YFL037W	P02557
YFL038C	P01123
YFL039C	P60010
YFL040W	P43562
YFL041W	P43561
YFL041W-A	Q3E817
YFL042C	P43560
YFL044C	P43558
YFL045C	P07283
YFL046W	P43557
YFL047W	P43556
YFL048C	P43555
YFL049W	P43554
YFL050C	P43553
YFL051C	P43552
YFL052W	P43551
YFL053W	P43550
YFL054C	P43549
YFL055W	P43548
YFL058W	P43534
YFL059W	P43545
YFL060C	P43544
YFL061W	P0CH63
YFL061W	P0CH64
YFL062W	P43542
YFL064C	P43540
YFL065C	P43539
YFL066C	P43538
YFL067W	P43537
YFL068W	P0CX99
YFL068W	P0CY00
YFL068W	P0CY01
YFR001W	P43586
YFR002W	P34077
YFR003C	P43587
YFR004W	P43588
YFR005C	P43589
YFR006W	P43590
YFR007W	P43591
YFR008W	P43592
YFR009W	P43535
YFR010W	P43593
YFR011C	P43594
YFR012W	P43595
YFR012W-A	Q3E838
YFR013W	P43596
YFR014C	P27466
YFR015C	P23337
YFR016C	P43597
YFR017C	P43598
YFR018C	P43599
YFR019W	P34756
YFR020W	P43600
YFR021W	P43601
YFR022W	P43602
YFR023W	P39684
YFR024C-A	P43603
YFR025C	P38635
YFR026C	P43604
YFR027W	P43605
YFR028C	Q00684
YFR029W	P43606
YFR030W	P39692
YFR031C	P38989
YFR031C-A	P0CX45
YFR031C-A	P0CX46
YFR032C	P43607
YFR032C-A	P05747
YFR032C-B	Q8TGU2
YFR033C	P00127
YFR034C	P07270
YFR035C	P43608
YFR036W	P14724
YFR037C	P43609
YFR038W	P43610
YFR039C	P43611
YFR040W	P43612
YFR041C	P43613
YFR042W	P43614
YFR043C	P43615
YFR044C	P43616
YFR045W	P43617
YFR046C	P43618
YFR047C	P43619
YFR048W	P43620
YFR049W	P19955
YFR050C	P30657
YFR051C	P43621
YFR052W	P32496
YFR053C	P04806
YFR055W	P43623
YFR057W	P43625
YGL001C	P53199
YGL002W	P53198
YGL003C	P53197
YGL004C	P53196
YGL005C	P53195
YGL006W	P38929
YGL006W-A	Q3E802
YGL007C-A	Q8TGU0
YGL008C	P05030
YGL009C	P07264
YGL010W	P25338
YGL011C	P21243
YGL012W	P25340
YGL013C	P12383
YGL014W	P25339
YGL015C	P33199
YGL016W	P32767
YGL017W	P16639
YGL018C	P53193
YGL019W	P43639
YGL020C	P53192
YGL021W	P43633
YGL022W	P39007
YGL023C	P53191
YGL025C	P40356
YGL026C	P00931
YGL027C	P53008
YGL028C	P53189
YGL029W	P53188
YGL030W	P14120
YGL031C	P04449
YGL032C	P32781
YGL033W	P53187
YGL035C	P27705
YGL036W	P53185
YGL037C	P53184
YGL038C	P31755
YGL039W	P53183
YGL040C	P05373
YGL041C-B	Q3E750
YGL041W-A	P0C5N3
YGL043W	P07273
YGL044C	P25299
YGL045W	P53179
YGL047W	P53178
YGL048C	Q01939
YGL049C	P39936
YGL050W	P53177
YGL051W	P53176
YGL053W	P53174
YGL054C	P53173
YGL055W	P21147
YGL056C	P53172
YGL057C	P53171
YGL058W	P06104
YGL059W	P53170
YGL060W	P53169
YGL061C	P53168
YGL062W	P11154
YGL063W	P53167
YGL064C	P53166
YGL065C	P43636
YGL066W	P53165
YGL067W	P53164
YGL068W	P53163
YGL070C	P27999
YGL071W	P22149
YGL073W	P10961
YGL075C	P53159
YGL076C	P05737
YGL077C	P19807
YGL078C	P20447
YGL079W	P53158
YGL080W	P53157
YGL081W	P53156
YGL082W	P53155
YGL083W	P53009
YGL084C	P53154
YGL085W	P53153
YGL086W	P40957
YGL087C	P53152
YGL089C	P32435
YGL090W	P53150
YGL091C	P52920
YGL092W	P49687
YGL093W	P53148
YGL094C	P53010
YGL095C	P38932
YGL096W	P53147
YGL097W	P21827
YGL098W	P53146
YGL099W	P53145
YGL100W	P53011
YGL101W	P53144
YGL103W	P02406
YGL104C	P53142
YGL105W	P46672
YGL106W	P53141
YGL107C	P53140
YGL108C	P53139
YGL110C	P53137
YGL111W	P53136
YGL112C	P53040
YGL113W	P53135
YGL114W	P53134
YGL115W	P12904
YGL116W	P26309
YGL117W	P53133
YGL119W	P27697
YGL120C	P53131
YGL121C	P53130
YGL122C	P32505
YGL123W	P25443
YGL124C	P53129
YGL125W	P53128
YGL126W	P53012
YGL127C	P38633
YGL128C	P52868
YGL129C	Q01163
YGL130W	Q01159
YGL131C	P53127
YGL133W	P53125
YGL134W	P53124
YGL135W	P0CX43
YGL135W	P0CX44
YGL136C	P53123
YGL137W	P41811
YGL138C	P53122
YGL139W	P53121
YGL140C	P53120
YGL141W	P53119
YGL142C	P30777
YGL143C	P30775
YGL144C	P53118
YGL145W	P33891
YGL146C	P53117
YGL147C	P05738
YGL148W	P28777
YGL150C	P53115
YGL151W	P53114
YGL153W	P53112
YGL154C	P50113
YGL155W	P18898
YGL156W	P22855
YGL157W	P53111
YGL158W	P38622
YGL159W	P53110
YGL160W	P53109
YGL161C	P53108
YGL162W	P53032
YGL163C	P32863
YGL164C	P53107
YGL166W	P15315
YGL167C	P13586
YGL168W	P45820
YGL169W	P32579
YGL170C	P45819
YGL171W	P45818
YGL172W	Q02199
YGL173C	P22147
YGL174W	P46947
YGL175C	P46946
YGL176C	P46945
YGL178W	P39016
YGL179C	P43637
YGL180W	P53104
YGL181W	P40956
YGL183C	P53102
YGL184C	P53101
YGL185C	P53100
YGL186C	P53099
YGL187C	P04037
YGL188C-A	Q8TGU1
YGL189C	P39938
YGL190C	Q00362
YGL191W	P32799
YGL192W	P41833
YGL193C	P53097
YGL194C	P53096
YGL194C-A	Q2V2P6
YGL195W	P33892
YGL196W	P53095
YGL197W	P53094
YGL198W	P53093
YGL200C	P32803
YGL201C	P53091
YGL202W	P53090
YGL203C	P09620
YGL204C	P53089
YGL205W	P13711
YGL206C	P22137
YGL207W	P32558
YGL208W	P34164
YGL209W	P53035
YGL210W	P51996
YGL211W	P53088
YGL212W	P32912
YGL213C	Q02793
YGL215W	P35190
YGL216W	P53086
YGL219C	P53083
YGL220W	P53082
YGL221C	P53081
YGL222C	P53080
YGL223C	P53079
YGL224C	P53078
YGL225W	P40107
YGL226C-A	Q92316
YGL226W	P53077
YGL227W	P53076
YGL228W	P53075
YGL229C	P53036
YGL230C	P53074
YGL231C	P53073
YGL232W	P53072
YGL233W	P22224
YGL234W	P07244
YGL235W	P53071
YGL236C	P53070
YGL237C	P06774
YGL238W	P33307
YGL240W	P53068
YGL241W	P53067
YGL242C	P53066
YGL243W	P53065
YGL244W	P53064
YGL245W	P46655
YGL246C	P53063
YGL247W	P53062
YGL248W	P22434
YGL249W	P53061
YGL250W	P53060
YGL251C	P51979
YGL252C	P32608
YGL253W	P04807
YGL254W	P32805
YGL255W	P32804
YGL256W	P10127
YGL257C	P53059
YGL258W	P53058
YGL258W-A	Q3E740
YGL259W	P53057
YGL260W	P53056
YGL261C	P0CE93
YGL261C	P0CE92
YGL261C	Q3E770
YGL262W	P53054
YGL263W	P53053
YGR001C	P53200
YGR002C	P53201
YGR003W	P53202
YGR004W	P53203
YGR005C	P41896
YGR006W	P33411
YGR007W	P33412
YGR008C	P16965
YGR009C	P40357
YGR010W	P53204
YGR012W	P53206
YGR013W	P53207
YGR014W	P32334
YGR015C	P53208
YGR016W	P53209
YGR017W	P53210
YGR018C	P53211
YGR019W	P17649
YGR020C	P39111
YGR021W	P53212
YGR023W	P53214
YGR024C	P53215
YGR026W	P53217
YGR027C	Q3E792
YGR027W-A	Q12085
YGR027W-B	Q12141
YGR028W	P28737
YGR029W	P27882
YGR030C	P53218
YGR031C-A	Q8TGN9
YGR031W	P53219
YGR032W	P40989
YGR033C	P53220
YGR034W	P53221
YGR035C	P53222
YGR035W-A	Q45U48
YGR036C	P53223
YGR037C	P31787
YGR038C-A	Q12485
YGR038C-B	Q12269
YGR038W	P53224
YGR040W	P14681
YGR041W	P53226
YGR042W	P53227
YGR043C	P53228
YGR044C	P32338
YGR046W	P53230
YGR047C	P33339
YGR048W	P53044
YGR049W	P32564
YGR050C	P53231
YGR052W	P53233
YGR053C	P53234
YGR054W	P53235
YGR055W	P50276
YGR056W	P53236
YGR057C	P53237
YGR058W	P53238
YGR059W	P41901
YGR060W	P53045
YGR061C	P38972
YGR062C	P53239
YGR063C	P32914
YGR065C	P53241
YGR066C	P53242
YGR067C	P53243
YGR068C	P53244
YGR070W	P53046
YGR071C	P53246
YGR072W	P48412
YGR074W	Q02260
YGR075C	Q00723
YGR076C	P23369
YGR077C	P53248
YGR078C	P48363
YGR079W	P53249
YGR080W	P53250
YGR081C	P53251
YGR082W	P35180
YGR083C	P12754
YGR084C	P12686
YGR085C	Q3E757
YGR086C	P53252
YGR087C	P26263
YGR088W	P06115
YGR089W	P53253
YGR090W	P53254
YGR091W	P49704
YGR092W	P22204
YGR093W	P53255
YGR094W	P07806
YGR095C	P53256
YGR096W	P53257
YGR097W	P48361
YGR098C	Q03018
YGR099W	P53038
YGR100W	P53258
YGR101W	P53259
YGR102C	P53260
YGR103W	P53261
YGR104C	P32585
YGR105W	P41806
YGR106C	P53262
YGR108W	P24868
YGR109C	P32943
YGR109W-A	Q12173
YGR109W-B	Q99315
YGR110W	P53264
YGR111W	P53265
YGR112W	P53266
YGR113W	P53267
YGR116W	P23615
YGR117C	P53270
YGR118W	P0CX29
YGR118W	P0CX30
YGR119C	P48837
YGR120C	P53271
YGR121C	P40260
YGR121W-A	Q3E816
YGR122W	P53272
YGR123C	P53043
YGR124W	P49090
YGR125W	P53273
YGR126W	P53274
YGR127W	P53275
YGR128C	P53276
YGR129W	P53277
YGR130C	P53278
YGR131W	P53279
YGR132C	P40961
YGR133W	P29340
YGR134W	P53280
YGR135W	P23638
YGR136W	P53281
YGR138C	P53283
YGR140W	P32504
YGR141W	P53285
YGR142W	P53286
YGR143W	P33336
YGR144W	P32318
YGR145W	P48234
YGR146C	P48235
YGR146C-A	Q8TGT9
YGR147C	P37293
YGR148C	P24000
YGR149W	P48236
YGR150C	P48237
YGR152C	P13856
YGR153W	P48238
YGR154C	P48239
YGR155W	P32582
YGR156W	P39927
YGR157W	P05374
YGR158C	P48240
YGR159C	P27476
YGR161C	P53289
YGR161C-C	P0CX65
YGR161C-C	P0CX66
YGR161C-C	P0CX67
YGR161C-C	P0CX68
YGR161C-C	P0CX69
YGR161C-D	Q12316
YGR161W-A	P0CX61
YGR161W-A	P0CX62
YGR161W-B	P0CX63
YGR161W-B	P0CX64
YGR161W-C	Q3E744
YGR162W	P39935
YGR163W	P53290
YGR165W	P53292
YGR166W	P32893
YGR167W	P17891
YGR168C	P53293
YGR169C	P53294
YGR169C-A	Q3E772
YGR170W	P53037
YGR171C	P22438
YGR172C	P53039
YGR173W	P53295
YGR174C	P37267
YGR174W-A	Q8TGT8
YGR175C	P32476
YGR177C	P53296
YGR178C	P53297
YGR179C	P53298
YGR180C	P49723
YGR181W	P53299
YGR183C	P22289
YGR184C	P19812
YGR185C	P36421
YGR186W	P41895
YGR187C	P48362
YGR188C	P41695
YGR189C	P53301
YGR191W	P06775
YGR192C	P00359
YGR193C	P16451
YGR194C	P42826
YGR195W	P46948
YGR196C	P46949
YGR197C	P46950
YGR198W	P46951
YGR199W	P42934
YGR200C	P42935
YGR201C	P42936
YGR202C	P13259
YGR203W	P42937
YGR204C-A	Q8TGT7
YGR204W	P07245
YGR205W	P42938
YGR206W	P42939
YGR207C	P42940
YGR208W	P42941
YGR209C	P22803
YGR210C	P42942
YGR211W	P53303
YGR212W	P53304
YGR213C	P53047
YGR214W	P32905
YGR215W	P53305
YGR216C	P53306
YGR217W	P50077
YGR218W	P30822
YGR220C	P31334
YGR221C	P50078
YGR222W	P10834
YGR223C	P50079
YGR224W	P50080
YGR225W	P50082
YGR227W	P50076
YGR229C	P32566
YGR230W	P50084
YGR231C	P50085
YGR232W	P50086
YGR233C	P17442
YGR234W	P39676
YGR235C	P50087
YGR236C	P50088
YGR237C	P50089
YGR238C	P50090
YGR239C	P50091
YGR240C	P16861
YGR240C-A	Q3E786
YGR241C	P53309
YGR243W	P53311
YGR244C	P53312
YGR245C	P53313
YGR246C	P29056
YGR247W	P53314
YGR248W	P53315
YGR249W	P53050
YGR250C	P53316
YGR251W	P53317
YGR252W	Q03330
YGR253C	P32379
YGR254W	P00924
YGR255C	P53318
YGR256W	P53319
YGR257C	P53320
YGR258C	P07276
YGR260W	P53322
YGR261C	P46682
YGR262C	P53323
YGR263C	P53324
YGR264C	P00958
YGR266W	P53326
YGR267C	P51601
YGR268C	P40325
YGR270W	P40340
YGR271C-A	Q3E705
YGR271W	P53327
YGR273C	P53329
YGR274C	P46677
YGR275W	P53330
YGR276C	P53331
YGR277C	P53332
YGR278W	P53333
YGR279C	P53334
YGR280C	P53335
YGR281W	P53049
YGR282C	P15703
YGR283C	P53336
YGR284C	P53337
YGR285C	P32527
YGR286C	P32451
YGR287C	P53051
YGR288W	P53338
YGR289C	P53048
YGR292W	P53341
YGR294W	P53343
YGR295C	P53344
YGR296W	P0CX14
YGR296W	P0CX15
YHL001W	P38754
YHL002W	P38753
YHL003C	P38703
YHL004W	P32902
YHL006C	P38751
YHL007C	Q03497
YHL008C	P38750
YHL009C	P38749
YHL009W-A	Q6Q5P6
YHL009W-B	P0C2J7
YHL010C	P38748
YHL011C	P38689
YHL012W	P38709
YHL013C	P38747
YHL014C	P38746
YHL015W	P38701
YHL015W-A	Q3E7Z6
YHL016C	P33413
YHL017W	P38745
YHL018W	P38744
YHL019C	P38700
YHL020C	P21957
YHL021C	P23180
YHL022C	P23179
YHL023C	P38742
YHL024W	P38741
YHL025W	P18888
YHL026C	P38740
YHL027W	P33400
YHL028W	P38739
YHL029C	P38738
YHL030W	P38737
YHL031C	P38736
YHL032C	P32190
YHL033C	P17076
YHL034C	P10080
YHL035C	P38735
YHL036W	P38734
YHL038C	P03874
YHL039W	P38732
YHL040C	P38731
YHL042W	P38729
YHL043W	P38728
YHL044W	P38727
YHL046C	P38725
YHL047C	P38724
YHL048C-A	Q3E758
YHL048W	P38723
YHL049C	P38722
YHL050C	P38721
YHR001W	P38755
YHR001W-A	P37299
YHR002W	P38702
YHR003C	P38756
YHR004C	P38757
YHR005C	P08539
YHR005C-A	P87108
YHR006W	P38704
YHR007C	P10614
YHR007C-A	Q07074
YHR008C	P00447
YHR009C	P38758
YHR010W	P0C2H6
YHR011W	P38705
YHR012W	P38759
YHR013C	P07347
YHR014W	P23624
YHR015W	P38760
YHR016C	P32793
YHR017W	P32792
YHR018C	P04076
YHR019C	P38707
YHR020W	P38708
YHR021C	P38711
YHR021W-A	O13529
YHR022C	P38763
YHR022C-A	Q8TGT6
YHR023W	P08964
YHR024C	P11914
YHR025W	P17423
YHR026W	P23968
YHR027C	P38764
YHR028C	P18962
YHR029C	P38765
YHR030C	Q00772
YHR031C	P38766
YHR032W	P38767
YHR033W	P38690
YHR034C	P38768
YHR035W	P38769
YHR036W	P38770
YHR037W	P07275
YHR038W	P38771
YHR039C	P38694
YHR039C-A	P48836
YHR040W	P38772
YHR041C	P34162
YHR042W	P16603
YHR043C	P38773
YHR044C	P38774
YHR045W	P38775
YHR046C	P38710
YHR047C	P37898
YHR048W	P38776
YHR049W	P38777
YHR050W	P38778
YHR050W-A	Q05451
YHR051W	P00427
YHR052W	P38779
YHR053C	P0CX80
YHR053C	P0CX81
YHR054C	P38780
YHR055C	P0CX80
YHR055C	P0CX81
YHR056C	P38781
YHR057C	P23285
YHR058C	P38782
YHR059W	P38783
YHR060W	P38784
YHR061C	P38785
YHR062C	P38786
YHR063C	P38787
YHR064C	P38788
YHR065C	P38712
YHR066W	P38789
YHR067W	P38790
YHR068W	P38791
YHR069C	P38792
YHR070W	P38793
YHR071W	P38794
YHR072W	P38604
YHR072W-A	Q6Q547
YHR073W	P38713
YHR074W	P38795
YHR075C	P38796
YHR076W	P38797
YHR077C	P38798
YHR078W	P38799
YHR079C	P32361
YHR079C-A	P89114
YHR080C	P38800
YHR081W	P38801
YHR082C	P38691
YHR083W	P14693
YHR084W	P13574
YHR085W	P38803
YHR086W	Q00539
YHR086W-A	Q3E746
YHR087W	P38804
YHR088W	P38805
YHR089C	P28007
YHR090C	P38806
YHR091C	P38714
YHR092C	P32467
YHR094C	P32465
YHR096C	P38695
YHR097C	P38809
YHR098C	P38810
YHR099W	P38811
YHR100C	P38812
YHR101C	P38813
YHR102W	P38692
YHR103W	P38814
YHR104W	P38715
YHR105W	P38815
YHR106W	P38816
YHR107C	P32468
YHR108W	P38817
YHR109W	P38818
YHR110W	P38819
YHR111W	P38820
YHR112C	P38716
YHR113W	P38821
YHR114W	P38822
YHR115C	P38823
YHR116W	P38824
YHR117W	P38825
YHR118C	P38826
YHR119W	P38827
YHR120W	P25846
YHR121W	P38828
YHR122W	P38829
YHR123W	P22140
YHR124W	P38830
YHR126C	P38832
YHR127W	P38833
YHR128W	P18562
YHR129C	P38696
YHR131C	P38835
YHR132C	P38836
YHR132W-A	Q9P305
YHR133C	P38837
YHR134W	P38838
YHR135C	P23291
YHR136C	P38839
YHR137W	P38840
YHR138C	P38841
YHR139C	P13130
YHR140W	P38842
YHR141C	P0CX27
YHR141C	P0CX28
YHR142W	P38843
YHR143W	P38844
YHR143W-A	P40422
YHR144C	P06773
YHR146W	P38845
YHR147C	P32904
YHR148W	P32899
YHR149C	P32900
YHR150W	P38848
YHR151C	P38849
YHR152W	P17123
YHR153C	P17122
YHR154W	P38850
YHR155W	P38851
YHR156C	P38852
YHR157W	P33323
YHR158C	P38853
YHR159W	P38854
YHR160C	P38855
YHR161C	P38856
YHR162W	P38857
YHR163W	P38858
YHR164C	P38859
YHR165C	P33334
YHR166C	P16522
YHR167W	O13539
YHR168W	P38860
YHR169W	P38719
YHR170W	P38861
YHR171W	P38862
YHR172W	P38863
YHR173C	P38864
YHR174W	P00925
YHR175W	P38865
YHR175W-A	Q3E815
YHR176W	P38866
YHR177W	P38867
YHR178W	P38699
YHR179W	Q03558
YHR181W	P38869
YHR182W	P38870
YHR183W	P38720
YHR184W	P38871
YHR185C	P38872
YHR186C	P38873
YHR187W	P38874
YHR188C	P38875
YHR189W	P38876
YHR190W	P29704
YHR191C	P38877
YHR192W	P38878
YHR193C	P38879
YHR194W	P38880
YHR195W	P38881
YHR196W	P38882
YHR197W	P38883
YHR198C	P38884
YHR199C	P38885
YHR199C-A	Q3E7Y6
YHR200W	P38886
YHR201C	P38698
YHR202W	P38887
YHR203C	P0CX35
YHR203C	P0CX36
YHR204W	P38888
YHR205W	P11792
YHR206W	P38889
YHR207C	P38890
YHR208W	P38891
YHR209W	P38892
YHR210C	P38893
YHR211W	P38894
YHR212W-A	P0CX90
YHR212W-A	P0CX91
YHR213W	P0CI66
YHR213W	P0CI67
YHR213W-A	Q8TGT4
YHR213W-B	Q8TGK1
YHR214C-B	O13535
YHR214C-C	P0C2I4
YHR214C-D	P0CX92
YHR214C-D	P0CX93
YHR214C-E	Q8TGK0
YHR214W	P0CX18
YHR214W	P0CX19
YHR215W	P38693
YHR216W	P38697
YHR218W	P38899
YHR219W	P38900
YIL001W	P40560
YIL002C	P40559
YIL002W-A	Q3E7Z5
YIL003W	P40558
YIL004C	P22804
YIL005W	P40557
YIL006W	P40556
YIL007C	P40555
YIL008W	P40554
YIL009C-A	Q03096
YIL009W	P39002
YIL010W	P40553
YIL011W	P40552
YIL013C	P40550
YIL014C-A	Q02598
YIL014W	P40549
YIL015W	P12630
YIL016W	P40548
YIL017C	P40547
YIL018W	P0CX45
YIL018W	P0CX46
YIL019W	P40546
YIL020C	P40545
YIL021W	P16370
YIL022W	Q01852
YIL023C	P40544
YIL024C	P40543
YIL026C	P40541
YIL027C	P40540
YIL029C	P40538
YIL030C	P40318
YIL031W	P40537
YIL033C	P07278
YIL034C	P13517
YIL035C	P15790
YIL036W	P40535
YIL037C	P40534
YIL038C	P06102
YIL039W	P40533
YIL040W	P40532
YIL041W	P40531
YIL042C	P40530
YIL043C	P38626
YIL044C	P40529
YIL045W	P40187
YIL046W	P39014
YIL046W-A	Q3E7Z4
YIL047C	P40528
YIL048W	P40527
YIL049W	P40526
YIL050W	P40186
YIL051C	P40185
YIL052C	P40525
YIL053W	P41277
YIL054W	P40524
YIL055C	P40523
YIL056W	P40522
YIL057C	P40188
YIL060W	P40519
YIL061C	Q00916
YIL062C	P40518
YIL063C	P40517
YIL064W	P40516
YIL065C	P40515
YIL066C	P21672
YIL067C	P40514
YIL068C	P32844
YIL069C	P0CX31
YIL069C	P0CX32
YIL070C	P40513
YIL071C	P40512
YIL072W	P20050
YIL073C	P40511
YIL074C	P40510
YIL075C	P32565
YIL076W	P40509
YIL077C	P40508
YIL078W	P04801
YIL079C	P40507
YIL082W-A	Q7LHG5
YIL083C	P40506
YIL084C	P40505
YIL085C	P40504
YIL087C	P40502
YIL088C	P40501
YIL089W	P40500
YIL090W	P40499
YIL091C	P40498
YIL092W	P40497
YIL093C	P40496
YIL094C	P40495
YIL095W	P40494
YIL096C	P40493
YIL097W	P40492
YIL098C	P40491
YIL099W	P08019
YIL101C	P40489
YIL102C	P40488
YIL102C-A	Q2V2P5
YIL103W	P40487
YIL104C	P40486
YIL105C	P40485
YIL105W-A	Q8TGN5
YIL106W	P40484
YIL107C	P40433
YIL108W	P40483
YIL109C	P40482
YIL110W	P40481
YIL111W	P00425
YIL112W	P40480
YIL113W	P40479
YIL114C	P40478
YIL115C	P40477
YIL116W	P07172
YIL117C	P40476
YIL118W	Q00245
YIL119C	P23250
YIL120W	P40475
YIL121W	P40474
YIL122W	P40473
YIL123W	P40472
YIL124W	P40471
YIL125W	P20967
YIL126W	P32597
YIL127C	P40470
YIL128W	P40469
YIL129C	P40468
YIL130W	P40467
YIL131C	P40466
YIL132C	P40465
YIL133C	P26784
YIL134C-A	Q45U18
YIL134W	P40464
YIL135C	P40463
YIL136W	P16547
YIL137C	P40462
YIL138C	P40414
YIL139C	P38927
YIL140W	P38928
YIL142W	P39076
YIL143C	Q00578
YIL144W	P40460
YIL145C	P40459
YIL146C	P40458
YIL147C	P39928
YIL148W	P0CH08
YIL148W	P0CH09
YIL149C	P40457
YIL150C	P32354
YIL151C	P40456
YIL152W	P40455
YIL153W	P40454
YIL154C	P32351
YIL155C	P32191
YIL156W	P40453
YIL156W-B	Q2V2P4
YIL157C	P40452
YIL158W	P40451
YIL159W	P40450
YIL160C	P27796
YIL161W	P40449
YIL162W	P00724
YIL163C	P40448
YIL164C	P40447
YIL165C	P40446
YIL166C	P40445
YIL169C	P40442
YIL172C	P0CW40
YIL172C	P0CW41
YIL173W	P40438
YIL176C	P0CE89
YIL176C	P0CE88
YIL177C	P40434
YIR001C	P40561
YIR002C	P40562
YIR003W	P40563
YIR004W	P40564
YIR005W	P40565
YIR006C	P32521
YIR007W	P40566
YIR008C	P10363
YIR009W	P40567
YIR010W	P40568
YIR011C	P38637
YIR012W	P35184
YIR013C	P40569
YIR014W	P40570
YIR015W	P40571
YIR016W	P40572
YIR017C	P40573
YIR018C-A	Q3E7Z3
YIR018W	P40574
YIR019C	P08640
YIR020C	P40575
YIR021W	P07266
YIR021W-A	Q3E739
YIR022W	P15367
YIR023W	P21657
YIR024C	P40576
YIR025W	P40577
YIR026C	Q02256
YIR027C	P32375
YIR028W	Q04895
YIR029W	P25335
YIR030C	P32460
YIR031C	P21826
YIR032C	P32459
YIR033W	P40578
YIR034C	P38998
YIR035C	P40579
YIR036C	P40580
YIR037W	P40581
YIR038C	P40582
YIR039C	P40583
YIR041W	P40585
YIR042C	P40586
YJL001W	P38624
YJL002C	P41543
YJL003W	P47081
YJL004C	P41544
YJL005W	P08678
YJL006C	P46962
YJL008C	P47079
YJL010C	P47077
YJL011C	P47076
YJL012C	P47075
YJL013C	P47074
YJL014W	P39077
YJL016W	P47072
YJL019W	P47069
YJL020C	P47068
YJL023C	P47065
YJL024C	P47064
YJL025W	P40992
YJL026W	P09938
YJL027C	P47063
YJL028W	P47062
YJL029C	P47061
YJL030W	P40958
YJL031C	Q00618
YJL033W	P20448
YJL034W	P16474
YJL035C	P47058
YJL036W	P47057
YJL037W	P47056
YJL038C	P47055
YJL039C	P47054
YJL041W	P14907
YJL042W	P43638
YJL043W	P47053
YJL044C	P32806
YJL045W	P47052
YJL046W	P47051
YJL047C	P47050
YJL047C-A	Q3E737
YJL048C	P47049
YJL049W	P47048
YJL050W	P47047
YJL051W	P47046
YJL052C-A	Q3E837
YJL052W	P00360
YJL053W	P40335
YJL054W	P47045
YJL055W	P47044
YJL056C	P47043
YJL057C	P47042
YJL058C	P47041
YJL059W	P47040
YJL060W	P47039
YJL061W	P40368
YJL062W	P40367
YJL062W-A	Q3E7B2
YJL063C	P22353
YJL065C	P40366
YJL066C	P40364
YJL068C	P40363
YJL069C	P40362
YJL070C	P40361
YJL071W	P40360
YJL072C	P40359
YJL073W	P40358
YJL074C	P47037
YJL076W	P47035
YJL077C	P47034
YJL077W-A	Q8TGN3
YJL077W-B	Q8TGT3
YJL078C	P47033
YJL079C	P47032
YJL080C	P06105
YJL081C	P80428
YJL082W	P47031
YJL083W	P47030
YJL084C	P47029
YJL085W	P19658
YJL087C	P09880
YJL088W	P05150
YJL089W	P46954
YJL090C	P47027
YJL091C	P47026
YJL092W	P12954
YJL093C	P40310
YJL094C	P40309
YJL095W	Q01389
YJL096W	P40858
YJL097W	P40857
YJL098W	P40856
YJL099W	P40955
YJL100W	P42951
YJL101C	P32477
YJL102W	P39677
YJL103C	P42950
YJL104W	P42949
YJL105W	P42948
YJL106W	P32581
YJL107C	P42947
YJL108C	P42946
YJL109C	P42945
YJL110C	P42944
YJL111W	P42943
YJL112W	P47025
YJL113W	P47024
YJL114W	P47023
YJL115W	P32447
YJL116C	P46955
YJL117W	P46956
YJL118W	P47022
YJL121C	P46969
YJL122W	P47019
YJL123C	P47018
YJL124C	P47017
YJL125C	P46959
YJL126W	P47016
YJL127C	P35208
YJL127C-B	Q3E828
YJL128C	P08018
YJL129C	P12685
YJL130C	P07259
YJL131C	P47015
YJL132W	P47014
YJL133C-A	Q3E7A3
YJL133W	P10566
YJL134W	P47013
YJL136C	Q3E754
YJL136W-A	Q3E801
YJL137C	P47011
YJL138C	P10081
YJL139C	P26725
YJL140W	P20433
YJL141C	P14680
YJL143W	P39515
YJL144W	P47009
YJL145W	P47008
YJL146W	P46958
YJL147C	P47007
YJL148W	P47006
YJL149W	P47005
YJL151C	P14359
YJL153C	P11986
YJL154C	P34110
YJL155C	P32604
YJL156C	P47002
YJL157C	P21268
YJL158C	P47001
YJL159W	P32478
YJL160C	P46999
YJL161W	P46998
YJL162C	P46997
YJL163C	P46996
YJL164C	P06244
YJL165C	P38970
YJL166W	P08525
YJL167W	P08524
YJL168C	P46995
YJL170C	P46993
YJL171C	P46992
YJL172W	P27614
YJL173C	P26755
YJL174W	P39005
YJL176C	P32591
YJL177W	P46990
YJL178C	P46989
YJL179W	P46988
YJL180C	P22135
YJL181W	P46987
YJL183W	P46985
YJL184W	P46984
YJL185C	P46983
YJL186W	P46982
YJL187C	P32944
YJL189W	P04650
YJL190C	P0C0W1
YJL191W	P39516
YJL192C	P39543
YJL193W	P39542
YJL194W	P09119
YJL196C	P39540
YJL197W	P39538
YJL198W	P39535
YJL200C	P39533
YJL201W	P32525
YJL203W	P32524
YJL204C	P39531
YJL205C	Q02820
YJL206C	P39529
YJL207C	P39526
YJL208C	P08466
YJL209W	P07252
YJL210W	P32800
YJL212C	P40897
YJL213W	P40896
YJL214W	P40886
YJL216C	P40884
YJL217W	P40893
YJL218W	P40892
YJL219W	P40885
YJL221C	P0CW40
YJL221C	P0CW41
YJL222W	P40890
YJL223C	P0CE89
YJL223C	P0CE88
YJL225C	P40889
YJR001W	P47082
YJR002W	P47083
YJR003C	P47084
YJR004C	P20840
YJR005C-A	Q3E827
YJR005W	P27351
YJR006W	P46957
YJR007W	P20459
YJR008W	P47085
YJR009C	P00358
YJR010C-A	P46965
YJR010W	P08536
YJR011C	P47086
YJR012C	P47087
YJR013W	P47088
YJR014W	P47089
YJR015W	P47090
YJR016C	P39522
YJR017C	P22696
YJR019C	P41903
YJR021C	P21651
YJR022W	P47093
YJR024C	P47095
YJR025C	P47096
YJR026W	P0CX74
YJR026W	P0CX75
YJR026W	P0CX76
YJR027W	P47098
YJR028W	P47099
YJR029W	P47100
YJR030C	P47101
YJR031C	P47102
YJR032W	P47103
YJR033C	P47104
YJR034W	Q02772
YJR035W	P40352
YJR036C	P40985
YJR039W	P47107
YJR040W	P37020
YJR041C	P47108
YJR042W	P46673
YJR043C	P47110
YJR044C	P47111
YJR045C	P0CS90
YJR046W	P47112
YJR047C	P19211
YJR048W	P00044
YJR049C	P21373
YJR050W	P21374
YJR051W	P21375
YJR052W	P06779
YJR053W	P47113
YJR054W	P47114
YJR055W	P46973
YJR056C	P47115
YJR057W	P00572
YJR058C	Q00381
YJR059W	P47116
YJR060W	P17106
YJR061W	P40355
YJR062C	P40354
YJR063W	P32529
YJR064W	P40413
YJR065C	P47117
YJR066W	P35169
YJR067C	P47118
YJR068W	P40348
YJR069C	P47119
YJR070C	P47120
YJR072C	P47122
YJR073C	P05375
YJR074W	P47123
YJR075W	P47124
YJR076C	P32458
YJR077C	P23641
YJR078W	P47125
YJR079W	P47126
YJR080C	P47127
YJR082C	P47128
YJR083C	P47129
YJR084W	P47130
YJR085C	P47131
YJR086W	P18852
YJR088C	P47133
YJR089W	P47134
YJR090C	P24814
YJR091C	P47135
YJR092W	P47136
YJR093C	P45976
YJR094C	P21190
YJR094W-A	P0CX25
YJR094W-A	P0CX26
YJR095W	P33303
YJR096W	P47137
YJR097W	P47138
YJR098C	P47139
YJR099W	P35127
YJR100C	P47140
YJR101W	P47141
YJR102C	P47142
YJR103W	P38627
YJR104C	P00445
YJR105W	P47143
YJR106W	P47144
YJR107W	P47145
YJR108W	P47146
YJR109C	P03965
YJR110W	P47147
YJR111C	P47148
YJR112W	P47149
YJR112W-A	Q3E743
YJR113C	P47150
YJR115W	P47152
YJR116W	P47153
YJR117W	P47154
YJR118C	P47155
YJR119C	P47156
YJR120W	P47157
YJR121W	P00830
YJR122W	P47158
YJR123W	P26783
YJR124C	P47159
YJR125C	P47160
YJR126C	P47161
YJR127C	P46974
YJR129C	P47163
YJR130C	P47164
YJR131W	P32906
YJR132W	P46970
YJR133W	P47165
YJR134C	P47166
YJR135C	P47167
YJR135W-A	P57744
YJR136C	P47168
YJR137C	P47169
YJR138W	P47170
YJR139C	P31116
YJR140C	P47171
YJR141W	P47172
YJR142W	P47173
YJR143C	P46971
YJR144W	P32787
YJR145C	P0CX35
YJR145C	P0CX36
YJR146W	P47174
YJR147W	P47175
YJR148W	P47176
YJR149W	P47177
YJR150C	P47178
YJR151C	P47179
YJR151W-A	Q3E775
YJR152W	P15365
YJR153W	P47180
YJR154W	P47181
YJR155W	P47182
YJR156C	P47183
YJR158W	P47185
YJR159W	P35497
YJR160C	P0CE00
YJR161C	P47187
YKL001C	Q02196
YKL002W	P36108
YKL003C	P28778
YKL004W	P36107
YKL005C	P36106
YKL006C-A	P43682
YKL006W	P36105
YKL007W	P28495
YKL008C	P28496
YKL009W	P33201
YKL010C	P33202
YKL011C	Q03702
YKL012W	P33203
YKL013C	P33204
YKL014C	P34241
YKL015W	P25502
YKL016C	P30902
YKL017C	P34243
YKL018C-A	Q3E7A7
YKL018W	P36104
YKL019W	P29703
YKL020C	P35210
YKL021C	P20484
YKL022C	P09798
YKL023C-A	Q2V2P3
YKL023W	P36103
YKL024C	P15700
YKL025C	P36102
YKL026C	P36014
YKL027W	P36101
YKL028W	P36100
YKL029C	P36013
YKL032C	P33417
YKL033W	P36097
YKL033W-A	Q86ZR7
YKL034W	P36096
YKL035W	P32861
YKL037W	P32858
YKL038W	P32862
YKL039W	P32857
YKL040C	P32860
YKL041W	P36095
YKL042W	P36094
YKL043W	P36093
YKL044W	P36092
YKL045W	P20457
YKL046C	P36091
YKL047W	P36090
YKL048C	P32801
YKL049C	P36012
YKL050C	P35736
YKL051W	P35735
YKL052C	P35734
YKL053C-A	O60200
YKL054C	P35732
YKL055C	P35731
YKL056C	P35691
YKL057C	P35729
YKL058W	P32774
YKL059C	P35728
YKL060C	P14540
YKL061W	P35727
YKL062W	P33749
YKL063C	P35725
YKL064W	P35724
YKL065C	P35723
YKL065W-A	Q2V2P2
YKL067W	P36010
YKL068W	Q02629
YKL068W-A	Q3E826
YKL069W	P36088
YKL070W	P36087
YKL071W	P36086
YKL072W	P36085
YKL073W	P36016
YKL074C	P36084
YKL075C	P36083
YKL077W	P36081
YKL078W	P36009
YKL079W	P32364
YKL080W	P31412
YKL081W	P36008
YKL082C	P36080
YKL084W	P36078
YKL085W	P17505
YKL086W	P36077
YKL087C	Q00873
YKL088W	P36076
YKL089W	P35201
YKL090W	P36075
YKL091C	P33324
YKL092C	P33314
YKL093W	P23493
YKL094W	P28321
YKL095W	P28320
YKL096C-B	Q8TGT2
YKL096W	P28319
YKL096W-A	P43497
YKL098W	P34246
YKL099C	P34247
YKL100C	P34248
YKL101W	P34244
YKL103C	P14904
YKL104C	P14742
YKL105C	P34250
YKL106C-A	Q3E7A0
YKL106W	Q01802
YKL107W	P34251
YKL108W	P34252
YKL109W	P14064
YKL110C	P34253
YKL112W	P14164
YKL113C	P26793
YKL114C	P22936
YKL116C	P28708
YKL117W	P28707
YKL119C	P32341
YKL120W	P32332
YKL121W	P32330
YKL122C	P32342
YKL124W	P32343
YKL125W	P36070
YKL126W	P12688
YKL127W	P33401
YKL128C	P36069
YKL129C	P36006
YKL130C	P36068
YKL132C	P36001
YKL133C	P36066
YKL134C	P35999
YKL135C	P36000
YKL137W	P36064
YKL138C	P14063
YKL138C-A	P69852
YKL139W	Q03957
YKL140W	P34163
YKL141W	P33421
YKL142W	P35719
YKL143W	P34078
YKL144C	P35718
YKL145W	P33299
YKL146W	P36062
YKL148C	Q00711
YKL149C	P24309
YKL150W	P36060
YKL151C	P36059
YKL152C	P00950
YKL154W	P36057
YKL155C	P36056
YKL156W	P35997
YKL157W	P32454
YKL159C	P36054
YKL160W	P36053
YKL161C	P36005
YKL162C	P36052
YKL163W	Q03180
YKL164C	Q03178
YKL165C	P36051
YKL166C	P05986
YKL167C	P32388
YKL168C	P36004
YKL170W	P35996
YKL171W	P36003
YKL172W	P36049
YKL173W	P36048
YKL174C	P36029
YKL175W	P34240
YKL176C	P34239
YKL178C	P06783
YKL179C	P34237
YKL180W	P05740
YKL181W	P32895
YKL182W	P07149
YKL183C-A	Q3E765
YKL183W	P34234
YKL184W	P08432
YKL185W	P34233
YKL186C	P34232
YKL187C	P34231
YKL188C	P34230
YKL189W	P32464
YKL190W	P25296
YKL191W	P32461
YKL192C	P32463
YKL193C	P36047
YKL194C	P07236
YKL195W	P36046
YKL196C	P36015
YKL197C	P24004
YKL198C	P36002
YKL201C	P36044
YKL203C	P32600
YKL204W	P36041
YKL205W	P33418
YKL206C	P36040
YKL207W	P36039
YKL208W	P36038
YKL209C	P12866
YKL210W	P22515
YKL211C	P00937
YKL212W	P32368
YKL213C	P36037
YKL214C	P36036
YKL215C	P28273
YKL216W	P28272
YKL217W	P36035
YKL218C	P36007
YKL219W	P36034
YKL220C	P36033
YKL221W	P36032
YKL222C	P35995
YKL224C	P35994
YKR001C	P21576
YKR002W	P29468
YKR003W	Q02201
YKR004C	Q02202
YKR005C	Q02203
YKR006C	Q02204
YKR007W	Q02205
YKR008W	Q02206
YKR009C	Q02207
YKR010C	Q02208
YKR011C	Q02209
YKR013W	P36110
YKR014C	P36018
YKR015C	P36111
YKR016W	P36112
YKR017C	P36113
YKR018C	P36114
YKR019C	P36115
YKR020W	P36116
YKR021W	P36117
YKR022C	P36118
YKR023W	P36119
YKR024C	P36120
YKR025W	P36121
YKR026C	P14741
YKR027W	P36122
YKR028W	P36123
YKR029C	P36124
YKR030W	P36125
YKR031C	P36126
YKR034W	P26343
YKR035W-A	P69771
YKR036C	P36130
YKR037C	P36131
YKR038C	P36132
YKR039W	P19145
YKR041W	P36134
YKR042W	P36135
YKR043C	P36136
YKR044W	P36137
YKR045C	P36138
YKR046C	P36139
YKR048C	P25293
YKR049C	P36141
YKR050W	P28584
YKR051W	P36142
YKR052C	P23500
YKR053C	P23501
YKR054C	P36022
YKR055W	Q00246
YKR056W	P33753
YKR057W	P0C0V8
YKR058W	P36143
YKR059W	P10081
YKR060W	P36144
YKR061W	P33550
YKR062W	P36145
YKR063C	P36146
YKR064W	P36023
YKR065C	P36147
YKR066C	P00431
YKR067W	P36148
YKR068C	P36149
YKR069W	P36150
YKR070W	P36151
YKR071C	P36152
YKR072C	P36024
YKR074W	P36154
YKR075C	P36155
YKR076W	P36156
YKR077W	P36157
YKR078W	P36158
YKR079C	P36159
YKR080W	Q02046
YKR081C	P36160
YKR082W	P36161
YKR083C	P36162
YKR084C	P32769
YKR085C	P22354
YKR086W	P15938
YKR087C	P36163
YKR088C	P36164
YKR089C	P36165
YKR090W	P36166
YKR091W	P36167
YKR092C	P32583
YKR093W	P32901
YKR094C	P0CH08
YKR094C	P0CH09
YKR095W	Q02455
YKR095W-A	Q3E833
YKR096W	P36168
YKR097W	P10963
YKR098C	P36026
YKR099W	P22035
YKR100C	P36169
YKR101W	P21691
YKR102W	P36170
YKR103W	P0CE68
YKR104W	P0CE69
YKR105C	P36172
YKR106W	P36173
YLL001W	P54861
YLL002W	Q07794
YLL003W	Q12369
YLL004W	P54790
YLL005C	Q07798
YLL006W	P41800
YLL006W-A	Q3E814
YLL007C	Q07799
YLL008W	P32892
YLL009C	Q12287
YLL010C	Q07800
YLL011W	P33750
YLL012W	Q07804
YLL013C	Q07807
YLL014W	Q12431
YLL015W	P14772
YLL018C	P04802
YLL018C-A	Q3E731
YLL019C	P32350
YLL021W	P23201
YLL022C	Q12373
YLL023C	Q12164
YLL024C	P10592
YLL025W	Q12370
YLL026W	P31539
YLL027W	Q07821
YLL028W	Q07824
YLL029W	Q07825
YLL031C	Q07830
YLL032C	Q07834
YLL033W	Q07843
YLL034C	Q07844
YLL035W	Q07845
YLL036C	P32523
YLL038C	Q07872
YLL039C	P0CG63
YLL040C	Q07878
YLL041C	P21801
YLL042C	Q07879
YLL043W	P23900
YLL045C	P29453
YLL046C	P32385
YLL048C	P32386
YLL049W	Q07887
YLL050C	Q03048
YLL051C	Q12473
YLL052C	P0CD90
YLL053C	P0CD98
YLL054C	Q12244
YLL055W	Q12235
YLL056C	Q12177
YLL057C	Q12358
YLL058W	Q12198
YLL060C	Q12390
YLL061W	Q12372
YLL062C	Q12525
YLL063C	Q12226
YLL064C	P0CE91
YLL064C	P0CE90
YLL066C	Q99208
YLL066W-B	Q8TGJ7
YLL067C	Q07888
YLR001C	Q07895
YLR002C	Q07896
YLR003C	Q07897
YLR004C	Q07904
YLR005W	Q04673
YLR006C	Q07084
YLR007W	Q07913
YLR008C	Q07914
YLR009W	Q07915
YLR010C	Q07921
YLR011W	Q07923
YLR012C	Q07927
YLR013W	Q07928
YLR014C	P07272
YLR015W	P43132
YLR016C	Q07930
YLR017W	Q07938
YLR018C	Q12445
YLR019W	Q07949
YLR020C	Q07950
YLR021W	Q07951
YLR022C	Q07953
YLR023C	Q07959
YLR024C	Q07963
YLR025W	P39929
YLR026C	Q01590
YLR027C	P23542
YLR028C	P54113
YLR029C	P05748
YLR030W	Q07967
YLR031W	Q07978
YLR032W	P32849
YLR033W	Q07979
YLR034C	Q12078
YLR035C	Q07980
YLR035C-A	Q12088
YLR036C	Q07986
YLR037C	Q07987
YLR038C	Q01519
YLR039C	P40395
YLR040C	Q07988
YLR042C	Q07990
YLR043C	P22217
YLR044C	P06169
YLR045C	P46675
YLR046C	Q12253
YLR047C	Q12209
YLR048W	P46654
YLR049C	Q12110
YLR050C	Q12155
YLR051C	Q12035
YLR052W	Q12345
YLR053C	Q12026
YLR054C	Q12202
YLR055C	P38915
YLR056W	P32353
YLR057W	Q12205
YLR058C	P37291
YLR059C	P54964
YLR060W	P15624
YLR061W	P05749
YLR063W	Q12291
YLR064W	Q12144
YLR065C	Q99382
YLR066W	Q12133
YLR067C	P32522
YLR068W	Q12247
YLR069C	P25039
YLR070C	Q07993
YLR071C	P19263
YLR072W	Q08001
YLR073C	Q08003
YLR074C	Q08004
YLR075W	P41805
YLR077W	Q08023
YLR078C	P25385
YLR079W	P38634
YLR080W	Q12396
YLR081W	P13181
YLR082C	Q12020
YLR083C	P32802
YLR084C	Q12465
YLR085C	Q12509
YLR086W	Q12267
YLR087C	Q12150
YLR088W	P39012
YLR089C	P52893
YLR090W	P39102
YLR091W	Q12393
YLR092W	Q12325
YLR093C	Q12255
YLR094C	Q12418
YLR095C	Q12072
YLR096W	P13186
YLR097C	Q12347
YLR098C	P43634
YLR099C	Q12385
YLR099W-A	Q3E798
YLR100W	Q12452
YLR102C	Q12107
YLR103C	Q08032
YLR104W	Q08045
YLR105C	P16658
YLR106C	Q12019
YLR107W	Q12090
YLR108C	Q12259
YLR109W	P38013
YLR110C	Q12127
YLR113W	P32485
YLR114C	Q12500
YLR115W	Q12102
YLR116W	Q12186
YLR117C	Q12309
YLR118C	Q12354
YLR119W	Q99176
YLR120C	P32329
YLR121C	Q12303
YLR125W	Q12138
YLR126C	Q12288
YLR127C	Q12440
YLR128W	Q12395
YLR129W	Q12220
YLR130C	Q12436
YLR131C	P21192
YLR132C	Q12208
YLR133W	P20485
YLR134W	P16467
YLR135W	Q12098
YLR136C	P47977
YLR137W	Q12367
YLR138W	Q99271
YLR139C	P42900
YLR141W	Q02983
YLR142W	P09368
YLR143W	Q12429
YLR144C	Q12168
YLR145W	Q12530
YLR146C	Q12455
YLR146W-A	Q2V2P1
YLR147C	P43321
YLR148W	P27801
YLR149C	Q99296
YLR150W	P39015
YLR151C	Q12524
YLR152C	P54072
YLR153C	P52910
YLR154C	Q12338
YLR154C-G	Q3E813
YLR154C-H	P0CY04
YLR154C-H	P0CY05
YLR154C-H	P0CY03
YLR154C-H	P0CY02
YLR154W-C	Q8TGM6
YLR155C	P0CZ17
YLR155C	P0CX77
YLR155C	P0CX78
YLR155C	P0CX79
YLR156C-A	P0CY04
YLR156C-A	P0CY05
YLR156C-A	P0CY03
YLR156C-A	P0CY02
YLR156W	P0CE96
YLR156W	P0CE98
YLR156W	P0CE97
YLR157C	P0CZ17
YLR157C	P0CX77
YLR157C	P0CX78
YLR157C	P0CX79
YLR157C-A	P0CX70
YLR157C-A	P0CX71
YLR157C-A	P0CX72
YLR157C-A	P0CX73
YLR157C-B	P0C2I5
YLR157C-C	P0CY04
YLR157C-C	P0CY05
YLR157C-C	P0CY03
YLR157C-C	P0CY02
YLR157W-D	P0CE99
YLR157W-E	P0CF00
YLR158C	P0CZ17
YLR158C	P0CX77
YLR158C	P0CX78
YLR158C	P0CX79
YLR159C-A	P0CY04
YLR159C-A	P0CY05
YLR159C-A	P0CY03
YLR159C-A	P0CY02
YLR159W	P0CE96
YLR159W	P0CE98
YLR159W	P0CE97
YLR160C	P0CZ17
YLR160C	P0CX77
YLR160C	P0CX78
YLR160C	P0CX79
YLR161W	P0CE96
YLR161W	P0CE98
YLR161W	P0CE97
YLR162W	Q06235
YLR162W-A	Q3E811
YLR163C	P10507
YLR164W	Q06236
YLR165C	Q06244
YLR166C	Q06245
YLR167W	P05759
YLR168C	P35200
YLR170C	P35181
YLR172C	P32469
YLR173W	Q06247
YLR174W	P41939
YLR175W	P33322
YLR176C	P48743
YLR177W	Q06251
YLR178C	P14306
YLR179C	Q06252
YLR180W	P10659
YLR181C	Q06263
YLR182W	P09959
YLR183C	Q06266
YLR185W	P49166
YLR186W	Q06287
YLR187W	Q06315
YLR188W	P33310
YLR189C	Q06321
YLR190W	Q06324
YLR191W	P80667
YLR192C	Q05775
YLR193C	Q05776
YLR194C	Q05777
YLR195C	P14743
YLR196W	P21304
YLR197W	Q12460
YLR199C	Q05778
YLR200W	P52553
YLR201C	Q05779
YLR203C	P32335
YLR204W	P32344
YLR205C	P32339
YLR206W	Q05785
YLR207W	Q05787
YLR208W	Q04491
YLR209C	Q05788
YLR210W	P24871
YLR211C	Q05789
YLR212C	P53378
YLR213C	Q05790
YLR214W	P32791
YLR215C	Q05791
YLR216C	P53691
YLR218C	Q05809
YLR219W	Q05812
YLR220W	P47818
YLR221C	Q05942
YLR222C	Q05946
YLR223C	P39520
YLR224W	Q05947
YLR225C	Q05948
YLR226W	Q05949
YLR227C	Q05955
YLR227W-A	P0CX74
YLR227W-A	P0CX75
YLR227W-A	P0CX76
YLR227W-B	P0C2I6
YLR228C	Q05958
YLR229C	P19073
YLR231C	Q05979
YLR233C	P17214
YLR234W	P13099
YLR237W	Q05998
YLR238W	Q06001
YLR239C	Q06005
YLR240W	P22543
YLR241W	Q06538
YLR242C	Q06541
YLR243W	Q06543
YLR244C	Q01662
YLR245C	Q06549
YLR246W	Q06551
YLR247C	Q06554
YLR248W	P38623
YLR249W	P16521
YLR250W	P39931
YLR251W	Q06563
YLR253W	Q06567
YLR254C	Q06568
YLR256W	P0CE41
YLR256W-A	P0C2I8
YLR257W	Q06146
YLR258W	P27472
YLR259C	P19882
YLR260W	Q06147
YLR261C	O13549
YLR262C	Q99260
YLR262C-A	Q3E764
YLR263W	P14291
YLR264C-A	Q3E732
YLR264W	P0C0X0
YLR265C	Q06148
YLR266C	Q06149
YLR267W	Q06150
YLR268W	P22214
YLR270W	Q06151
YLR271W	Q06152
YLR272C	Q06156
YLR273C	Q06216
YLR274W	P29496
YLR275W	Q06217
YLR276C	Q06218
YLR277C	Q06224
YLR278C	Q05854
YLR281C	Q05863
YLR283W	Q05867
YLR284C	Q05871
YLR285C-A	Q3E771
YLR285W	Q05874
YLR286C	P29029
YLR287C	Q05881
YLR287C-A	P0CX33
YLR287C-A	P0CX34
YLR288C	Q02574
YLR289W	P46943
YLR290C	Q05892
YLR291C	P32502
YLR292C	P39742
YLR293C	P32835
YLR295C	Q12349
YLR297W	Q05899
YLR298C	Q05900
YLR299W	Q05902
YLR300W	P23776
YLR301W	Q05905
YLR303W	P06106
YLR304C	P19414
YLR305C	P37297
YLR306W	P52491
YLR307C-A	Q3E825
YLR307W	Q06702
YLR308W	Q06703
YLR309C	Q06704
YLR310C	P04821
YLR312C	Q06159
YLR312W-A	P36523
YLR313C	Q06160
YLR314C	P32457
YLR315W	Q06162
YLR316C	Q9URQ3
YLR318W	Q06163
YLR319C	P41697
YLR320W	Q06164
YLR321C	Q06168
YLR323C	P53769
YLR324W	Q06169
YLR325C	P49167
YLR326W	Q06170
YLR327C	Q06177
YLR328W	Q06178
YLR329W	Q02721
YLR330W	Q12114
YLR332W	P36027
YLR333C	P0C0T4
YLR335W	P32499
YLR336C	Q06132
YLR337C	P37370
YLR340W	P05317
YLR341W	Q06134
YLR342W	P38631
YLR342W-A	Q3E810
YLR343W	Q06135
YLR344W	P05743
YLR345W	Q06137
YLR346C	Q06139
YLR347C	Q06142
YLR348C	Q06143
YLR350W	Q06144
YLR351C	P49954
YLR352W	Q06479
YLR353W	P41698
YLR354C	P15019
YLR355C	P06168
YLR356W	Q06485
YLR357W	Q06488
YLR358C	O13565
YLR359W	Q05911
YLR360W	Q05919
YLR361C	Q05924
YLR361C-A	Q3E795
YLR362W	P23561
YLR363C	Q12129
YLR363W-A	Q3E747
YLR364W	Q05926
YLR367W	Q3E7Y3
YLR368W	Q05930
YLR369W	Q05931
YLR370C	Q05933
YLR371W	P51862
YLR372W	P40319
YLR373C	Q05934
YLR375W	Q05937
YLR376C	Q12318
YLR377C	P09201
YLR378C	P32915
YLR380W	Q06705
YLR381W	Q12748
YLR382C	P11325
YLR383W	Q12749
YLR384C	Q06706
YLR385C	Q06707
YLR386W	Q06708
YLR387C	Q06709
YLR388W	P41057
YLR389C	Q06010
YLR390W	Q06011
YLR390W-A	O13547
YLR392C	P18634
YLR393W	P18496
YLR394W	Q06032
YLR395C	P04039
YLR396C	P20795
YLR397C	P32794
YLR398C	P35207
YLR399C	P35817
YLR401C	Q06053
YLR403W	P32432
YLR404W	Q06058
YLR405W	Q06063
YLR406C	P0C2H9
YLR406C-A	Q8TGT1
YLR407W	Q06070
YLR408C	Q06071
YLR409C	Q06078
YLR410W	Q06685
YLR410W-A	P0C2J4
YLR410W-B	P0C2J3
YLR411W	Q06686
YLR412C-A	Q3E742
YLR412W	Q06688
YLR413W	Q06689
YLR414C	Q06991
YLR415C	O13578
YLR417W	Q06696
YLR418C	Q06697
YLR419W	Q06698
YLR420W	P20051
YLR421C	O13563
YLR422W	Q06409
YLR423C	Q06410
YLR424W	Q06411
YLR425W	Q06412
YLR426W	Q06417
YLR427W	Q06436
YLR429W	Q06440
YLR430W	Q00416
YLR431C	Q06671
YLR432W	P50095
YLR433C	P23287
YLR435W	Q06672
YLR436C	Q06673
YLR437C	O13577
YLR438C-A	P57743
YLR438W	P07991
YLR439W	P36517
YLR440C	Q12745
YLR441C	P33442
YLR442C	P06701
YLR443W	Q06200
YLR445W	Q06201
YLR446W	Q06204
YLR447C	P32366
YLR448W	P05739
YLR449W	Q06205
YLR450W	P12684
YLR451W	P08638
YLR452C	P11972
YLR453C	Q06208
YLR454W	Q06179
YLR455W	Q06188
YLR456W	Q06199
YLR457C	P52919
YLR459W	P41733
YLR460C	P54007
YLR461W	P53427
YLR462W	O13556
YLR464W	P0CX16
YLR464W	P0CX17
YLR466W	O13559
YLR467W	P0CX20
YLR467W	P0CX21
YLR467W	P0CX22
YML001W	P32939
YML002W	P0CF17
YML003W	P0CF16
YML004C	P50107
YML005W	Q04235
YML006C	Q04233
YML007C-A	Q3E7A6
YML007W	P19880
YML008C	P25087
YML009C	P36533
YML010W	P27692
YML011C	Q04231
YML012W	P54837
YML013W	Q04228
YML014W	P49957
YML015C	Q04226
YML016C	P26570
YML017W	P50109
YML018C	Q03730
YML019W	Q03723
YML020W	Q03722
YML021C	P12887
YML022W	P49435
YML023C	Q03718
YML024W	P02407
YML025C	P51998
YML026C	P0CX55
YML026C	P0CX56
YML027W	P34161
YML028W	P34760
YML029W	Q03714
YML030W	Q03713
YML031W	P32500
YML032C	P06778
YML034W	Q03707
YML035C	P15274
YML036W	Q03705
YML037C	Q03703
YML038C	Q03697
YML039W	Q03434
YML040W	P0CX74
YML040W	P0CX75
YML040W	P0CX76
YML041C	Q03433
YML042W	P32796
YML043C	Q04712
YML045W	Q04711
YML045W-A	Q04706
YML046W	P39682
YML047C	Q04705
YML048W	Q04697
YML049C	Q04693
YML050W	Q04689
YML051W	P04387
YML052W	P54003
YML053C	Q04978
YML054C	P00175
YML054C-A	Q3E809
YML055W	Q04969
YML056C	P50094
YML057W	P14747
YML058W	Q04964
YML058W-A	Q6Q5K6
YML059C	Q04958
YML060W	P53397
YML061C	P07271
YML062C	P33441
YML063W	P23248
YML064C	P38987
YML065W	P54784
YML066C	Q04658
YML067C	Q04651
YML068W	Q04638
YML069W	Q04636
YML070W	P54838
YML071C	Q04632
YML072C	Q03640
YML073C	Q02326
YML074C	P38911
YML075C	P12683
YML076C	Q03631
YML077W	Q03630
YML078W	P25719
YML079W	Q03629
YML080W	P53759
YML081C-A	P81450
YML081W	Q04545
YML082W	Q04533
YML083C	Q04526
YML085C	P09733
YML086C	P54783
YML087C	Q04516
YML088W	Q04511
YML091C	Q02773
YML092C	P23639
YML093W	Q04500
YML094W	Q04493
YML095C	P06838
YML096W	Q04489
YML097C	P54787
YML098W	P11747
YML099C	P05085
YML100W	P38427
YML100W-A	Q8TGT0
YML101C	Q04201
YML102W	Q04199
YML103C	P52593
YML104C	Q01846
YML105C	P29478
YML106W	P13298
YML107C	Q03760
YML108W	Q03759
YML109W	P54786
YML110C	P49017
YML111W	Q03758
YML112W	P46963
YML113W	P13483
YML114C	Q03750
YML115C	P23642
YML116W	P13090
YML117W	Q03735
YML118W	Q03210
YML119W	Q03208
YML120C	P32340
YML121W	Q00582
YML123C	P25297
YML124C	P09734
YML125C	Q12746
YML126C	P54839
YML127W	Q03124
YML128C	Q03104
YML129C	P39103
YML130C	Q03103
YML131W	Q03102
YML132W	P0CX12
YML132W	P0CX13
YML133C	Q03099
YMR001C	P32562
YMR001C-A	Q8TGS9
YMR002W	Q03667
YMR003W	Q03673
YMR004W	P40959
YMR005W	P50105
YMR006C	Q03674
YMR008C	P39105
YMR009W	Q03677
YMR010W	Q03687
YMR011W	P23585
YMR012W	Q03690
YMR013C	P20048
YMR014W	Q04347
YMR015C	P54781
YMR016C	P53438
YMR017W	Q04359
YMR018W	Q04364
YMR019W	P50104
YMR020W	P50264
YMR021C	P35192
YMR022W	Q02159
YMR023C	P32559
YMR024W	P36516
YMR025W	Q04368
YMR026C	Q04370
YMR027W	Q04371
YMR028W	Q04372
YMR029C	Q05040
YMR030W	Q05043
YMR030W-A	Q3E760
YMR031C	Q05050
YMR032W	Q05080
YMR033W	Q05123
YMR034C	Q05131
YMR035W	P46972
YMR036C	P23748
YMR037C	P33748
YMR038C	P40202
YMR039C	P54000
YMR040W	Q04210
YMR041C	Q04212
YMR042W	P07249
YMR043W	P11746
YMR044W	Q04213
YMR045C	Q04214
YMR046C	Q04215
YMR047C	Q02630
YMR048W	Q04659
YMR049C	Q04660
YMR050C	Q04670
YMR051C	P0CX65
YMR051C	P0CX66
YMR051C	P0CX67
YMR051C	P0CX68
YMR051C	P0CX69
YMR052W	P46671
YMR053C	P46679
YMR054W	P37296
YMR055C	P26448
YMR056C	P04710
YMR058W	P38993
YMR059W	Q04675
YMR060C	P50110
YMR061W	P25298
YMR062C	Q04728
YMR063W	Q04734
YMR064W	P32493
YMR065W	Q04746
YMR066W	Q04748
YMR067C	P54730
YMR068W	Q04749
YMR069W	Q04751
YMR070W	P54785
YMR071C	Q04767
YMR072W	Q02486
YMR073C	Q04772
YMR074C	Q04773
YMR075W	Q04779
YMR076C	Q04264
YMR077C	Q04272
YMR078C	P49956
YMR079W	P24280
YMR080C	P30771
YMR081C	P32488
YMR083W	P07246
YMR084W	A2P2R3
YMR085W	P0CF18
YMR086W	Q04279
YMR087W	Q04299
YMR088C	Q04301
YMR089C	P40341
YMR090W	Q04304
YMR091C	P32832
YMR092C	P46680
YMR093W	Q04305
YMR094W	P35203
YMR095C	Q03144
YMR096W	Q03148
YMR097C	Q03151
YMR098C	Q03153
YMR099C	Q03161
YMR100W	Q03162
YMR101C	Q03175
YMR102C	Q03177
YMR104C	P18961
YMR105C	P37012
YMR105W-A	Q8TGS8
YMR106C	Q04437
YMR107W	Q04438
YMR108W	P07342
YMR109W	Q04439
YMR110C	Q04458
YMR111C	Q04461
YMR112C	Q99278
YMR113W	Q12676
YMR114C	Q04471
YMR115W	Q04472
YMR116C	P38011
YMR117C	Q04477
YMR118C	Q04487
YMR119W	P54074
YMR120C	P38009
YMR121C	P54780
YMR122W-A	Q3E842
YMR123W	Q03880
YMR124W	P39523
YMR125W	P34160
YMR126C	Q04216
YMR127C	P40963
YMR128W	Q04217
YMR129W	P39685
YMR130W	Q04223
YMR131C	Q04225
YMR132C	P40206
YMR133W	P32841
YMR134W	P40207
YMR135C	P40208
YMR136W	P40209
YMR137C	P30620
YMR138W	P39110
YMR139W	P38615
YMR140W	P40210
YMR142C	P40212
YMR143W	P0CX51
YMR143W	P0CX52
YMR144W	P40214
YMR145C	P40215
YMR146C	P40217
YMR147W	P40218
YMR148W	P40219
YMR149W	Q02795
YMR150C	P28627
YMR152W	P28625
YMR153W	Q03790
YMR154C	Q03792
YMR155W	Q03795
YMR156C	Q03796
YMR157C	Q03798
YMR158C-A	Q3E843
YMR158W	Q03799
YMR159C	Q03818
YMR160W	Q03823
YMR161W	P48353
YMR162C	Q12674
YMR163C	Q03824
YMR164C	Q03825
YMR165C	P32567
YMR166C	Q03829
YMR167W	P38920
YMR168C	P40969
YMR169C	P54114
YMR170C	P47771
YMR171C	Q03212
YMR172W	Q03213
YMR173W	P18899
YMR174C	P01094
YMR175W	P50263
YMR175W-A	Q3E766
YMR176W	Q03214
YMR177W	Q03218
YMR178W	Q03219
YMR179W	P35209
YMR180C	Q03220
YMR181C	Q03231
YMR182C	Q00453
YMR182W-A	Q8TGS7
YMR183C	P39926
YMR184W	Q03233
YMR185W	Q12751
YMR186W	P15108
YMR187C	Q03236
YMR188C	Q03246
YMR189W	P49095
YMR190C	P35187
YMR191W	P42933
YMR192W	Q04322
YMR193W	P36525
YMR194C-B	Q3E7A9
YMR194W	P05745
YMR195W	Q04329
YMR196W	Q04336
YMR197C	Q04338
YMR198W	Q01649
YMR199W	P20437
YMR200W	Q03691
YMR201C	P28519
YMR202W	P32352
YMR203W	P23644
YMR204C	Q03694
YMR205C	P16862
YMR206W	Q03695
YMR207C	P32874
YMR208W	P07277
YMR209C	Q03648
YMR210W	Q03649
YMR211W	Q03652
YMR212C	Q03653
YMR213W	Q03654
YMR214W	P25303
YMR215W	Q03655
YMR216C	Q03656
YMR217W	P38625
YMR218C	Q03660
YMR219W	Q03661
YMR220W	P24521
YMR221C	Q04991
YMR222C	Q05015
YMR223W	P50102
YMR224C	P32829
YMR225C	P19956
YMR226C	Q05016
YMR227C	Q05021
YMR228W	P14908
YMR229C	Q05022
YMR230W	P46784
YMR230W-A	Q3E7B5
YMR231W	P12868
YMR232W	Q05670
YMR233W	Q05024
YMR234W	Q04740
YMR235C	P11745
YMR236W	Q05027
YMR237W	Q05029
YMR238W	Q05031
YMR239C	Q02555
YMR240C	Q02554
YMR241W	Q04013
YMR242C	P0CX23
YMR242C	P0CX24
YMR242W-A	Q8TGS6
YMR243C	P20107
YMR244C-A	Q3E846
YMR244W	Q04018
YMR246W	P47912
YMR247C	Q04781
YMR247W-A	Q3E782
YMR250W	Q04792
YMR251W	Q04806
YMR251W-A	Q05827
YMR252C	Q04814
YMR253C	Q04835
YMR255W	Q04839
YMR256C	P10174
YMR257C	P08468
YMR258C	Q04847
YMR259C	Q03496
YMR260C	P38912
YMR261C	P38426
YMR262W	P38430
YMR263W	P38429
YMR264W	P38428
YMR265C	Q03508
YMR266W	Q03516
YMR267W	P28239
YMR268C	P49960
YMR269W	Q03525
YMR270C	P53437
YMR271C	P30402
YMR272C	Q03529
YMR272W-B	Q8TGS5
YMR273C	P50111
YMR274C	Q03530
YMR275C	P48524
YMR276W	P48510
YMR277W	Q03254
YMR278W	Q03262
YMR279C	Q03263
YMR280C	P39113
YMR281W	P23797
YMR282C	P22136
YMR283C	P23796
YMR284W	P32807
YMR285C	Q03264
YMR286W	P20084
YMR287C	P39112
YMR288W	P49955
YMR289W	Q03266
YMR290C	Q03532
YMR291W	Q03533
YMR292W	Q03554
YMR293C	Q03557
YMR294W	P36224
YMR295C	Q03559
YMR296C	P25045
YMR297W	P00729
YMR298W	Q03579
YMR299C	Q04949
YMR300C	P04046
YMR301C	P40416
YMR302C	P32843
YMR303C	P00331
YMR304W	P50101
YMR305C	Q04951
YMR306W	Q04952
YMR307W	P22146
YMR308C	P32337
YMR309C	P32497
YMR310C	Q04867
YMR311C	P41818
YMR312W	Q04868
YMR313C	P40308
YMR314W	P40302
YMR315W	Q04869
YMR315W-A	Q8TGS4
YMR316C-A	I2HB70
YMR316W	P54005
YMR317W	Q04893
YMR318C	Q04894
YMR319C	P40988
YMR321C	Q04898
YMR322C	Q04902
YMR323W	P42222
YMR325W	P0CE85
YNL001W	P33309
YNL002C	P40693
YNL003C	P38921
YNL004W	P38922
YNL005C	P12687
YNL006W	P41318
YNL007C	P25294
YNL008C	P53983
YNL009W	P53982
YNL010W	P53981
YNL011C	P53980
YNL012W	P53541
YNL014W	P53978
YNL015W	P0CT04
YNL016W	P32588
YNL018C	P53976
YNL019C	P53975
YNL020C	P53974
YNL021W	P53973
YNL022C	P53972
YNL023C	P53971
YNL024C	P53970
YNL024C-A	Q8TGJ3
YNL025C	P47821
YNL026W	P53969
YNL027W	P53968
YNL029C	P53966
YNL030W	P02309
YNL031C	P61830
YNL032W	P53965
YNL033W	P53964
YNL034W	P53963
YNL035C	P53962
YNL036W	P53615
YNL037C	P28834
YNL038W	P53961
YNL039W	P46678
YNL040W	P53960
YNL041C	P53959
YNL042W	P53958
YNL042W-B	Q3E7Z2
YNL044W	P53633
YNL045W	Q10740
YNL046W	P53956
YNL047C	P53955
YNL048W	P53954
YNL049C	P53953
YNL050C	P53952
YNL051W	P53951
YNL052W	P00424
YNL053W	P38590
YNL054W	P53950
YNL054W-A	Q12470
YNL054W-B	Q99337
YNL055C	P04840
YNL056W	P53949
YNL058C	P53947
YNL059C	P53946
YNL061W	P40991
YNL062C	P41814
YNL063W	P53944
YNL064C	P25491
YNL065W	P53943
YNL066W	P53616
YNL067W	P51401
YNL067W-B	Q3E767
YNL068C	P41813
YNL069C	P26785
YNL070W	P53507
YNL071W	P12695
YNL072W	P53942
YNL073W	P32048
YNL074C	P32047
YNL075W	P53941
YNL076W	P34072
YNL077W	P53940
YNL078W	P53939
YNL079C	P17536
YNL080C	P53938
YNL081C	P53937
YNL082W	P14242
YNL083W	D6W196
YNL084C	P39013
YNL085W	P40850
YNL086W	P48232
YNL087W	P48231
YNL088W	P06786
YNL090W	P06781
YNL091W	P53935
YNL092W	P53934
YNL093W	P36019
YNL094W	P53933
YNL095C	P53932
YNL096C	P48164
YNL097C	P50947
YNL097C-B	P0C271
YNL098C	P01120
YNL099C	P50946
YNL100W	P50945
YNL101W	P50944
YNL102W	P13382
YNL103W	P32389
YNL104C	P06208
YNL106C	P50942
YNL107W	P53930
YNL108C	P53929
YNL110C	P53927
YNL111C	P40312
YNL112W	P24783
YNL113W	P28000
YNL115C	P53925
YNL116W	P53924
YNL117W	P30952
YNL118C	P53550
YNL119W	P53923
YNL121C	P07213
YNL122C	P53921
YNL123W	P53920
YNL124W	P53919
YNL125C	P53918
YNL126W	P53540
YNL127W	P53917
YNL128W	P53916
YNL129W	P53915
YNL130C	P17898
YNL130C-A	Q3E808
YNL131W	P49334
YNL132W	P53914
YNL133C	P53913
YNL134C	P53912
YNL135C	P20081
YNL136W	P53911
YNL137C	P27929
YNL138W	P17555
YNL138W-A	P0C074
YNL139C	P53552
YNL140C	P53910
YNL141W	P53909
YNL142W	P41948
YNL143C	P53908
YNL144C	P53907
YNL145W	P34166
YNL146C-A	Q3E7Z1
YNL146W	P53906
YNL147W	P53905
YNL148C	P53904
YNL149C	P53903
YNL151C	P17890
YNL152W	P53901
YNL153C	P53900
YNL154C	P23292
YNL155W	P53899
YNL156C	P53898
YNL157W	P53897
YNL158W	P53896
YNL159C	P53895
YNL160W	P38616
YNL161W	P53894
YNL162W	P0CX27
YNL162W	P0CX28
YNL162W-A	Q3E7A8
YNL163C	P53893
YNL164C	P53892
YNL165W	P53891
YNL166C	P53890
YNL167C	Q02100
YNL168C	P53889
YNL169C	P39006
YNL172W	P53886
YNL173C	P53885
YNL175C	P53883
YNL176C	P53882
YNL177C	P53881
YNL178W	P05750
YNL180C	P53879
YNL181W	P53878
YNL182C	P53877
YNL183C	P22211
YNL184C	P53876
YNL185C	P53875
YNL186W	P53874
YNL187W	P53873
YNL188W	P11927
YNL189W	Q02821
YNL190W	P53872
YNL191W	P53871
YNL192W	P08004
YNL193W	P53870
YNL194C	P40169
YNL195C	P40168
YNL196C	P40167
YNL197C	P34761
YNL199C	Q01722
YNL200C	P40165
YNL201C	P40164
YNL202W	P32573
YNL204C	P32572
YNL206C	P40161
YNL207W	P40160
YNL208W	P40159
YNL209W	P40150
YNL210W	P16523
YNL211C	P53869
YNL212W	P40157
YNL213C	P40156
YNL214W	P40155
YNL215W	P40154
YNL216W	P11938
YNL217W	P40152
YNL218W	P40151
YNL219C	P53868
YNL220W	P80210
YNL221C	P41812
YNL222W	P53538
YNL223W	P53867
YNL224C	P53866
YNL225C	P53865
YNL227C	P53863
YNL229C	P23202
YNL230C	P53861
YNL231C	P53860
YNL232W	P53859
YNL233W	P53858
YNL234W	P53857
YNL236W	P32259
YNL237W	P53584
YNL238W	P13134
YNL239W	Q01532
YNL240C	P23503
YNL241C	P11412
YNL242W	P53855
YNL243W	P33338
YNL244C	P32911
YNL245C	P53854
YNL246W	P53853
YNL247W	P53852
YNL248C	Q01080
YNL249C	P53583
YNL250W	P12753
YNL251C	P53617
YNL252C	P36528
YNL253W	P53851
YNL254C	P53850
YNL255C	P53849
YNL256W	P53848
YNL257C	P38717
YNL258C	P53847
YNL259C	P38636
YNL260C	P53846
YNL261W	P50874
YNL262W	P21951
YNL263C	P53845
YNL264C	P53844
YNL265C	P53843
YNL267W	P39104
YNL268W	P32487
YNL269W	P53841
YNL270C	P38971
YNL271C	P41832
YNL272C	P17065
YNL273W	P53840
YNL274C	P53839
YNL275W	P53838
YNL277W	P08465
YNL277W-A	Q3E7Z0
YNL278W	P53836
YNL279W	P53835
YNL280C	P32462
YNL281W	P53834
YNL282W	P53833
YNL283C	P53832
YNL284C	P36520
YNL284C-A	Q12391
YNL284C-B	Q12112
YNL286W	P53830
YNL287W	P32074
YNL288W	P53829
YNL289W	P24867
YNL290W	P38629
YNL291C	P41821
YNL292W	P48567
YNL293W	P48566
YNL294C	P48565
YNL295W	P48564
YNL297C	P48563
YNL298W	P48562
YNL299W	P48561
YNL300W	P48560
YNL301C	P0CX49
YNL301C	P0CX50
YNL302C	P07281
YNL304W	P48559
YNL305C	P48558
YNL306W	P42847
YNL307C	P21965
YNL308C	P42846
YNL309W	P42845
YNL310C	P42844
YNL311C	P42843
YNL312W	P26754
YNL313C	P42842
YNL314W	P21705
YNL315C	P32453
YNL316C	P32452
YNL317W	P42841
YNL318C	P42833
YNL320W	P42840
YNL321W	P42839
YNL322C	P17260
YNL323W	P42838
YNL325C	P42837
YNL326C	P42836
YNL327W	P42835
YNL328C	P42834
YNL329C	P33760
YNL330C	P32561
YNL331C	P42884
YNL332W	P42883
YNL333W	P53824
YNL334C	P53823
YNL335W	P0CH63
YNL335W	P0CH64
YNL336W	P53822
YNL339C	P53819
YNR001C	P00890
YNR002C	P32907
YNR003C	P32910
YNR004W	P40342
YNR006W	P40343
YNR007C	P40344
YNR008W	P40345
YNR009W	P53718
YNR010W	P33308
YNR011C	P20095
YNR012W	P27515
YNR013C	P27514
YNR014W	P53719
YNR015W	P53720
YNR016C	Q00955
YNR017W	P32897
YNR018W	P53721
YNR019W	P53629
YNR020C	P53722
YNR021W	P53723
YNR022C	P53724
YNR023W	P53628
YNR024W	P53725
YNR026C	P11655
YNR027W	P53727
YNR028W	P53728
YNR029C	P53729
YNR030W	P53730
YNR031C	P53599
YNR032C-A	Q6Q546
YNR032W	P32838
YNR033W	P37254
YNR034W	P50278
YNR034W-A	Q3E841
YNR035C	P53731
YNR036C	P53732
YNR037C	P53733
YNR038W	P53734
YNR039C	P53735
YNR040W	P53736
YNR041C	P32378
YNR043W	P32377
YNR044W	P32323
YNR045W	P07390
YNR046W	P53738
YNR047W	P53739
YNR048W	P53740
YNR049C	P53604
YNR050C	P38999
YNR051C	P53741
YNR052C	P39008
YNR053C	P53742
YNR054C	P53743
YNR055C	P53389
YNR056C	P53744
YNR057C	P53630
YNR058W	P50277
YNR059W	P53745
YNR060W	P53746
YNR061C	P53747
YNR062C	P53748
YNR063W	P53749
YNR064C	P53750
YNR065C	P53751
YNR066C	P53752
YNR067C	P53753
YNR068C	P53754
YNR069C	P53755
YNR070W	P53756
YNR071C	P53757
YNR072W	P53631
YNR073C	P0CX08
YNR073C	P0CX09
YNR074C	P52923
YNR075C-A	Q8TGJ2
YNR075W	P52924
YNR076W	P0CE91
YNR076W	P0CE90
YNR077C	P53758
YOL001W	P20052
YOL002C	Q12442
YOL003C	Q12006
YOL004W	P22579
YOL005C	P38902
YOL006C	P04786
YOL007C	Q08054
YOL008W	Q08058
YOL009C	Q92328
YOL010W	Q08096
YOL011W	Q08108
YOL012C	Q12692
YOL013C	Q08109
YOL013W-A	P0C272
YOL014W	Q08110
YOL015W	Q08118
YOL016C	P22517
YOL017W	Q08119
YOL018C	Q08144
YOL019W	Q08157
YOL019W-A	Q8TGS2
YOL020W	P38967
YOL021C	Q08162
YOL022C	P25040
YOL023W	P25038
YOL024W	Q08172
YOL025W	Q92325
YOL026C	Q08176
YOL027C	Q08179
YOL028C	Q08182
YOL029C	Q08187
YOL030W	Q08193
YOL031C	Q08199
YOL032W	Q08202
YOL033W	P48525
YOL034W	Q08204
YOL036W	Q08206
YOL038C-A	Q3E7Z9
YOL038W	P40303
YOL039W	P05319
YOL040C	Q01855
YOL041C	Q08208
YOL042W	Q08213
YOL043C	Q08214
YOL044W	Q08215
YOL045W	Q08217
YOL047C	Q08218
YOL048C	Q08219
YOL049W	Q08220
YOL051W	P19659
YOL052C	P21182
YOL052C-A	P89113
YOL053W	Q08223
YOL054W	Q12161
YOL055C	Q08224
YOL056W	Q12326
YOL057W	Q08225
YOL058W	P22768
YOL059W	P41911
YOL060C	Q12296
YOL061W	Q12265
YOL062C	Q99186
YOL063C	Q08226
YOL064C	P32179
YOL065C	Q08227
YOL066C	Q12362
YOL067C	P32607
YOL068C	P53685
YOL069W	P33895
YOL070C	Q08229
YOL071W	Q08230
YOL072W	Q08231
YOL073C	Q08232
YOL075C	Q08234
YOL076W	Q12387
YOL077C	Q08235
YOL077W-A	P81451
YOL078W	Q08236
YOL080C	Q08237
YOL081W	P19158
YOL082W	P35193
YOL083W	Q12292
YOL084W	Q12252
YOL086C	P00330
YOL086W-A	Q3E835
YOL087C	Q99247
YOL088C	Q99316
YOL089C	Q12180
YOL090W	P25847
YOL091W	Q12411
YOL092W	Q12010
YOL093W	Q12400
YOL094C	P40339
YOL095C	Q12039
YOL096C	P27680
YOL097C	Q12109
YOL097W-A	Q3E7Y9
YOL098C	Q12496
YOL100W	Q12236
YOL101C	Q99393
YOL102C	Q12272
YOL103W	P30606
YOL103W-A	Q92392
YOL103W-B	Q12273
YOL104C	Q12366
YOL105C	Q12215
YOL107W	Q12239
YOL108C	P13902
YOL109W	Q08245
YOL110W	P41912
YOL111C	Q12285
YOL112W	Q12317
YOL113W	Q12469
YOL114C	Q12322
YOL115W	P53632
YOL116W	P22148
YOL117W	Q12348
YOL119C	Q08268
YOL120C	P0CX49
YOL120C	P0CX50
YOL121C	P07280
YOL122C	P38925
YOL123W	Q99383
YOL124C	Q12463
YOL125W	Q12383
YOL126C	P22133
YOL127W	P04456
YOL128C	Q12222
YOL129W	Q12016
YOL130W	Q08269
YOL131W	Q08270
YOL132W	Q08271
YOL133W	Q08273
YOL135C	Q08278
YOL136C	Q12471
YOL137W	Q08280
YOL138C	Q08281
YOL139C	P07260
YOL140W	P18544
YOL141W	Q08282
YOL142W	Q08285
YOL143C	P50861
YOL144W	Q08287
YOL145C	P89105
YOL146W	Q12146
YOL147C	Q12462
YOL148C	P50875
YOL149W	Q12517
YOL151W	Q12068
YOL152W	Q12333
YOL154W	Q12512
YOL155C	Q05164
YOL155W-A	Q3E7Y8
YOL156W	P54862
YOL157C	Q08295
YOL158C	Q08299
YOL159C	Q08300
YOL159C-A	Q3E769
YOL161C	Q08322
YOL162W	P0CF19
YOL163W	P0CF20
YOL164W	Q08347
YOL164W-A	Q3E7A5
YOL165C	Q08361
YOL166W-A	Q8TGJ1
YOR001W	Q12149
YOR002W	Q12001
YOR003W	P25036
YOR004W	Q12339
YOR005C	Q08387
YOR006C	Q12094
YOR007C	Q12118
YOR008C	P54867
YOR008C-A	Q3E7B9
YOR009W	Q12218
YOR010C	P33890
YOR011W	Q08409
YOR011W-A	Q3E807
YOR012W	Q12351
YOR014W	P38903
YOR016C	Q12450
YOR017W	P32606
YOR018W	Q02805
YOR019W	Q99248
YOR020C	P38910
YOR020W-A	Q3E824
YOR021C	Q12314
YOR022C	Q12204
YOR023C	Q12433
YOR025W	P53687
YOR026W	P26449
YOR027W	P15705
YOR028C	P40917
YOR030W	Q99234
YOR032C	Q12398
YOR032W-A	Q8TGS1
YOR033C	P39875
YOR034C	Q12013
YOR034C-A	Q3E735
YOR035C	P51534
YOR036W	P32854
YOR037W	P38909
YOR038C	P32480
YOR039W	P38930
YOR040W	Q12320
YOR042W	Q08412
YOR043W	P12611
YOR044W	Q08416
YOR045W	P33448
YOR046C	P20449
YOR047C	Q02794
YOR048C	Q02792
YOR049C	Q08417
YOR051C	Q08421
YOR052C	Q08422
YOR054C	Q08438
YOR056C	Q08444
YOR057W	Q08446
YOR058C	P50275
YOR059C	Q08448
YOR060C	Q08457
YOR061W	P19454
YOR062C	P36025
YOR063W	P14126
YOR064C	Q08465
YOR065W	P07143
YOR066W	Q08471
YOR067C	P40351
YOR068C	Q08474
YOR069W	Q92331
YOR070C	Q08484
YOR071C	Q08485
YOR072W-B	Q3E832
YOR073W	Q08490
YOR074C	P06785
YOR075W	P41834
YOR076C	Q08491
YOR077W	P40962
YOR078W	Q08492
YOR079C	Q12067
YOR080W	Q08496
YOR081C	Q12043
YOR083W	Q12416
YOR084W	Q12405
YOR085W	P48439
YOR086C	Q12466
YOR087W	Q12324
YOR089C	P36017
YOR090C	Q12511
YOR091W	Q12000
YOR092W	Q99252
YOR093C	Q12275
YOR094W	P40994
YOR095C	Q12189
YOR096W	P26786
YOR097C	Q12274
YOR098C	P20676
YOR099W	P27810
YOR100C	Q12289
YOR101W	P01119
YOR103C	P46964
YOR104W	Q12057
YOR105W	Q08504
YOR106W	Q12241
YOR107W	Q99188
YOR108W	Q12166
YOR109W	Q12271
YOR110W	Q12415
YOR111W	Q99210
YOR112W	Q12453
YOR113W	P41696
YOR114W	Q12219
YOR115C	Q99394
YOR116C	P04051
YOR117W	P33297
YOR118W	Q12108
YOR119C	Q12196
YOR120W	P14065
YOR122C	P07274
YOR123C	P38439
YOR124C	Q01476
YOR125C	P41735
YOR126C	P41734
YOR127W	P39083
YOR128C	P21264
YOR129C	Q99222
YOR130C	Q12375
YOR131C	Q12486
YOR132W	P32913
YOR133W	P32324
YOR134W	Q12128
YOR136W	P28241
YOR137C	Q12212
YOR138C	Q12242
YOR140W	P20134
YOR141C	Q12386
YOR142W	P53598
YOR142W-A	P0CX59
YOR142W-A	P0CX60
YOR142W-B	Q92393
YOR143C	P35202
YOR144C	Q12050
YOR145C	Q99216
YOR147W	Q12171
YOR148C	Q02521
YOR149C	Q04174
YOR150W	Q12487
YOR151C	P08518
YOR152C	Q99325
YOR153W	P33302
YOR154W	Q12232
YOR155C	Q99312
YOR156C	Q12216
YOR157C	P25043
YOR158W	P17558
YOR159C	Q12330
YOR160W	Q99189
YOR161C	Q12412
YOR161C-C	Q8TGS0
YOR162C	Q12172
YOR163W	Q99321
YOR164C	Q12125
YOR165W	Q99287
YOR166C	Q12104
YOR167C	Q3E7X9
YOR168W	P13188
YOR171C	Q12246
YOR172W	Q12340
YOR173W	Q12123
YOR174W	Q12343
YOR175C	Q08548
YOR176W	P16622
YOR177C	Q08550
YOR178C	P28006
YOR179C	Q08553
YOR180C	Q08558
YOR181W	Q12446
YOR182C	P0CX33
YOR182C	P0CX34
YOR183W	Q08559
YOR184W	P33330
YOR185C	P32836
YOR186W	Q08560
YOR187W	P02992
YOR188W	P21339
YOR189W	Q08561
YOR190W	P32603
YOR191W	Q08562
YOR192C	Q08579
YOR192C-A	Q12439
YOR192C-B	Q12113
YOR192C-C	Q3E736
YOR193W	Q08580
YOR194C	P32773
YOR195W	Q08581
YOR196C	P32875
YOR197W	Q08601
YOR198C	P38934
YOR201C	P25270
YOR202W	P06633
YOR204W	P06634
YOR205C	Q08622
YOR206W	P39744
YOR207C	P22276
YOR208W	P29461
YOR209C	P39683
YOR210W	P22139
YOR211C	P32266
YOR212W	P18851
YOR213C	Q99314
YOR214C	Q12282
YOR215C	Q12032
YOR216C	Q12234
YOR217W	P38630
YOR219C	P33894
YOR220W	Q12044
YOR221C	Q12283
YOR222W	Q99297
YOR223W	Q12015
YOR224C	P20436
YOR226C	Q12056
YOR227W	Q12276
YOR228C	Q12106
YOR229W	Q12206
YOR230W	Q12363
YOR231W	P32490
YOR232W	P38523
YOR233W	Q01919
YOR234C	P41056
YOR236W	P07807
YOR237W	P35843
YOR238W	Q08634
YOR239W	Q08641
YOR241W	Q08645
YOR242C	Q08646
YOR243C	Q08647
YOR244W	Q08649
YOR245C	Q08650
YOR246C	Q08651
YOR247W	Q08673
YOR249C	Q08683
YOR250C	Q08685
YOR251C	Q08686
YOR252W	Q08687
YOR253W	Q08689
YOR254C	P14906
YOR255W	Q08692
YOR256C	Q08693
YOR257W	P06704
YOR258W	Q08702
YOR259C	P53549
YOR260W	P09032
YOR261C	Q08723
YOR262W	Q08726
YOR264W	Q08729
YOR265W	P48606
YOR266W	P38969
YOR267C	Q08732
YOR268C	Q08734
YOR269W	P39946
YOR270C	P32563
YOR271C	Q12029
YOR272W	Q12024
YOR273C	Q12256
YOR274W	P07884
YOR275C	Q12033
YOR276W	P12962
YOR278W	P06174
YOR279C	Q12192
YOR280C	Q99369
YOR281C	Q12017
YOR283W	Q12040
YOR284W	Q12134
YOR285W	Q12305
YOR286W	Q08742
YOR287C	Q12481
YOR288C	Q12404
YOR289W	Q12012
YOR290C	P22082
YOR291W	Q12697
YOR292C	Q08743
YOR293C-A	Q3E7Y7
YOR293W	Q08745
YOR294W	Q08746
YOR295W	Q08747
YOR296W	Q08748
YOR297C	Q08749
YOR298C-A	O14467
YOR298W	Q08750
YOR299W	Q08754
YOR301W	Q08760
YOR302W	P08521
YOR303W	P07258
YOR304C-A	O14468
YOR304W	Q08773
YOR305W	Q08774
YOR306C	Q08777
YOR307C	P22215
YOR308C	Q12420
YOR310C	Q12499
YOR311C	Q12382
YOR312C	P0CX23
YOR312C	P0CX24
YOR313C	P09937
YOR315W	Q12507
YOR316C	P32798
YOR316C-A	Q3E806
YOR317W	P30624
YOR319W	Q99181
YOR320C	Q12096
YOR321W	P47190
YOR322C	Q12502
YOR323C	P54885
YOR324C	Q99332
YOR326W	P19524
YOR327C	P33328
YOR328W	P51533
YOR329C	P34758
YOR330C	P15801
YOR332W	P22203
YOR334W	Q01926
YOR335C	P40825
YOR336W	P22023
YOR337W	P47988
YOR338W	Q99326
YOR339C	P52492
YOR340C	P46669
YOR341W	P10964
YOR342C	Q12182
YOR343W-A	Q12293
YOR344C	P33122
YOR346W	P12689
YOR347C	P52489
YOR348C	P15380
YOR349W	P40987
YOR350C	P24720
YOR351C	P24719
YOR352W	Q08816
YOR353C	Q08817
YOR354C	Q08818
YOR355W	P41913
YOR356W	Q08822
YOR357C	Q08826
YOR358W	Q02516
YOR359W	Q08831
YOR360C	P06776
YOR361C	P06103
YOR362C	P21242
YOR363C	P52960
YOR365C	Q08844
YOR367W	Q08873
YOR368W	P48581
YOR369C	P48589
YOR370C	P32864
YOR371C	Q08886
YOR372C	Q08887
YOR373W	P32336
YOR374W	P46367
YOR375C	P07262
YOR376W-A	Q3E805
YOR377W	P40353
YOR378W	Q08902
YOR380W	Q08904
YOR381W	Q08905
YOR381W-A	Q3E804
YOR382W	Q08906
YOR383C	Q08907
YOR384W	Q08908
YOR385W	Q08909
YOR386W	P05066
YOR387C	Q08910
YOR388C	Q08911
YOR389W	Q08912
YOR390W	Q08913
YOR391C	Q08914
YOR393W	P0CX10
YOR393W	P0CX11
YOR394C-A	Q8TGJ0
YOR394W	P0CE86
YOR394W	P0CE87
YOR396W	P0CX20
YOR396W	P0CX21
YOR396W	P0CX22
YPL001W	Q12341
YPL002C	Q12483
YPL003W	Q12059
YPL004C	Q12230
YPL005W	Q12089
YPL006W	Q12200
YPL007C	Q12308
YPL008W	P22516
YPL009C	Q12532
YPL010W	P53600
YPL011C	Q12297
YPL012W	Q12754
YPL013C	Q02608
YPL014W	Q02606
YPL015C	P53686
YPL016W	P09547
YPL017C	Q02733
YPL018W	Q02732
YPL019C	Q02725
YPL020C	Q02724
YPL021W	Q02710
YPL022W	P06777
YPL023C	P46151
YPL024W	Q02685
YPL026C	Q12505
YPL027W	Q02651
YPL028W	P41338
YPL029W	P32580
YPL030W	Q02648
YPL031C	P17157
YPL032C	Q03088
YPL033C	Q03085
YPL034W	Q03083
YPL036W	P19657
YPL037C	Q02642
YPL038W	Q03081
YPL038W-A	Q3E7B4
YPL039W	Q03080
YPL040C	P48526
YPL041C	Q03079
YPL042C	P39073
YPL043W	P37838
YPL045W	Q03308
YPL046C	Q03071
YPL047W	Q03067
YPL048W	P29547
YPL049C	Q03063
YPL050C	P39107
YPL051W	Q02804
YPL052W	Q02803
YPL053C	P54070
YPL054W	Q02799
YPL055C	Q02796
YPL056C	Q02786
YPL057C	P33300
YPL058C	Q02785
YPL059W	Q02784
YPL060C-A	A0A0B7P3V8
YPL060W	Q02783
YPL061W	P54115
YPL063W	Q02776
YPL064C	Q02770
YPL065W	Q02767
YPL066W	Q12194
YPL067C	Q02754
YPL068C	Q02749
YPL069C	Q12051
YPL070W	Q02866
YPL071C	Q02864
YPL072W	Q02863
YPL074W	P40328
YPL075W	P07261
YPL076W	P46961
YPL077C	Q02831
YPL078C	P05626
YPL079W	Q12672
YPL081W	O13516
YPL082C	P32333
YPL083C	Q02825
YPL084W	P48582
YPL085W	P48415
YPL086C	Q02908
YPL087W	Q02896
YPL088W	Q02895
YPL089C	Q12224
YPL090C	P0CX37
YPL090C	P0CX38
YPL091W	P41921
YPL092W	P41930
YPL093W	Q02892
YPL094C	P21825
YPL095C	Q02891
YPL096C-A	P62651
YPL096W	Q02890
YPL097W	P48527
YPL098C	Q02889
YPL099C	Q02888
YPL100W	Q02887
YPL101W	Q02884
YPL103C	Q02883
YPL104W	P15179
YPL105C	Q02875
YPL106C	P32589
YPL107W	Q02873
YPL108W	Q02872
YPL109C	Q02981
YPL110C	Q02979
YPL111W	P00812
YPL112C	Q02969
YPL113C	Q02961
YPL115C	P32873
YPL116W	Q02959
YPL117C	P15496
YPL118W	Q02950
YPL119C	P24784
YPL119C-A	Q3E751
YPL120W	Q02948
YPL121C	P32489
YPL122C	Q02939
YPL123C	Q02933
YPL124W	P33419
YPL125W	Q02932
YPL126W	Q02931
YPL127C	P53551
YPL128C	Q02457
YPL129W	P35189
YPL130W	Q03029
YPL131W	P26321
YPL132W	P19516
YPL133C	P19541
YPL134C	Q03028
YPL135W	Q03020
YPL137C	Q03016
YPL138C	Q03012
YPL139C	Q03010
YPL140C	P32491
YPL141C	Q03002
YPL143W	P05744
YPL144W	Q12245
YPL145C	P35844
YPL146C	Q12080
YPL147W	P41909
YPL148C	Q12036
YPL149W	Q12380
YPL150W	Q12152
YPL151C	Q12417
YPL152W	Q12461
YPL152W-A	Q8TGR9
YPL153C	P22216
YPL154C	P07267
YPL155C	P28743
YPL156C	Q12498
YPL157W	Q12052
YPL158C	Q99299
YPL159C	Q99373
YPL160W	P26637
YPL161C	P39011
YPL162C	Q12042
YPL163C	Q12254
YPL164C	Q12083
YPL165C	Q12529
YPL166W	Q12092
YPL167C	P14284
YPL168W	Q12467
YPL169C	Q99257
YPL170W	Q12091
YPL171C	P41816
YPL172C	P21592
YPL173W	P36534
YPL174C	P33420
YPL175W	P32363
YPL176C	Q08919
YPL177C	P41817
YPL178W	Q08920
YPL179W	P32945
YPL180W	Q08921
YPL181W	Q08923
YPL183C	Q08924
YPL183W-A	O14464
YPL184C	Q08925
YPL186C	Q08926
YPL187W	P01149
YPL188W	Q06892
YPL189C-A	Q3E823
YPL189W	Q08929
YPL190C	P38996
YPL191C	Q08930
YPL192C	Q08931
YPL193W	Q08932
YPL194W	Q08949
YPL195W	Q08951
YPL196W	Q08952
YPL198W	Q12213
YPL199C	Q08954
YPL200W	Q08955
YPL201C	Q08956
YPL202C	Q08957
YPL203W	P06245
YPL204W	P29295
YPL206C	Q08959
YPL207W	Q08960
YPL208W	Q08961
YPL209C	P38991
YPL210C	P38688
YPL211W	Q08962
YPL212C	Q12211
YPL213W	Q08963
YPL214C	P41835
YPL215W	P21560
YPL216W	Q08964
YPL217C	Q08965
YPL218W	P20606
YPL219W	Q08966
YPL220W	P0CX43
YPL220W	P0CX44
YPL221W	Q08967
YPL222W	Q08968
YPL223C	Q08969
YPL224C	Q08970
YPL225W	Q08971
YPL226W	Q08972
YPL227C	P40350
YPL228W	O13297
YPL229W	Q99395
YPL230W	Q12132
YPL231W	P19097
YPL232W	P32867
YPL233W	Q12143
YPL234C	P32842
YPL235W	Q12464
YPL236C	Q12003
YPL237W	P09064
YPL239W	P46683
YPL240C	P02829
YPL241C	P46670
YPL242C	Q12280
YPL243W	P38687
YPL244C	Q12520
YPL245W	Q12179
YPL246C	Q12270
YPL247C	Q12523
YPL248C	P04386
YPL249C	Q12344
YPL249C-A	O14455
YPL250C	Q12048
YPL252C	Q12184
YPL253C	Q12045
YPL254W	Q12060
YPL255W	Q12365
YPL256C	P20438
YPL257W	Q08974
YPL257W-A	P0CX70
YPL257W-A	P0CX71
YPL257W-A	P0CX72
YPL257W-A	P0CX73
YPL257W-B	Q12414
YPL258C	Q08975
YPL259C	Q00776
YPL260W	Q08977
YPL262W	P08417
YPL263C	Q08979
YPL264C	Q08980
YPL265W	P53388
YPL266W	P41819
YPL267W	Q08981
YPL268W	P32383
YPL269W	P32526
YPL270W	P33311
YPL271W	P21306
YPL272C	Q08984
YPL273W	Q08985
YPL274W	Q08986
YPL277C	Q08989
YPL278C	Q08990
YPL279C	Q08991
YPL280W	Q08992
YPL281C	P0CX10
YPL281C	P0CX11
YPL282C	P0CE86
YPL282C	P0CE87
YPL283C	P0CX14
YPL283C	P0CX15
YPR001W	P43635
YPR002W	Q12428
YPR003C	P53394
YPR004C	Q12480
YPR005C	Q01766
YPR006C	Q12031
YPR007C	Q12188
YPR008W	Q12753
YPR009W	Q12286
YPR010C	P22138
YPR010C-A	A5Z2X5
YPR011C	Q12251
YPR013C	Q12145
YPR015C	Q12531
YPR016C	Q12522
YPR017C	P32601
YPR018W	Q12495
YPR019W	P30665
YPR020W	Q12233
YPR021C	Q12482
YPR022C	Q12139
YPR023C	Q12432
YPR024W	P32795
YPR025C	P37366
YPR026W	P48016
YPR027C	Q12079
YPR028W	Q12402
YPR029C	Q12028
YPR030W	Q12734
YPR031W	Q12311
YPR032W	Q12038
YPR033C	P07263
YPR034W	Q12406
YPR035W	P32288
YPR036W	P41807
YPR036W-A	Q3E752
YPR037C	Q12284
YPR040W	Q12199
YPR041W	P38431
YPR042C	Q12221
YPR043W	P0CX25
YPR043W	P0CX26
YPR045C	Q12049
YPR046W	Q12262
YPR047W	P08425
YPR048W	Q12181
YPR049C	Q12527
YPR051W	Q03503
YPR052C	P11632
YPR054W	P41808
YPR055W	P32855
YPR056W	Q12004
YPR057W	Q99177
YPR058W	P32331
YPR060C	P32178
YPR061C	Q12350
YPR062W	Q12178
YPR063C	Q12160
YPR065W	P25042
YPR066W	Q99344
YPR067W	Q12425
YPR068C	Q12214
YPR069C	Q12074
YPR070W	Q12321
YPR071W	Q12346
YPR072W	Q12514
YPR073C	P40347
YPR074C	P23254
YPR075C	Q06810
YPR078C	Q06813
YPR079W	Q06815
YPR080W	P02994
YPR081C	Q06817
YPR082C	Q06819
YPR083W	Q06820
YPR084W	Q06821
YPR085C	Q06822
YPR086W	P29055
YPR088C	P20424
YPR089W	O13585
YPR091C	Q06833
YPR093C	Q06834
YPR094W	Q06835
YPR095C	Q06836
YPR096C	O13587
YPR097W	Q06839
YPR098C	Q06089
YPR100W	Q06090
YPR101W	Q06091
YPR102C	P0C0W9
YPR103W	P30656
YPR104C	P39521
YPR105C	Q06096
YPR106W	Q06098
YPR107C	Q06102
YPR108W	Q06103
YPR108W-A	Q3E7B3
YPR109W	Q06104
YPR110C	P07703
YPR111W	P32328
YPR112C	Q06106
YPR113W	P06197
YPR114W	Q06107
YPR115W	Q06108
YPR116W	Q06109
YPR117W	Q06116
YPR118W	Q06489
YPR119W	P24869
YPR120C	P30283
YPR121W	Q06490
YPR122W	P40851
YPR124W	P49573
YPR125W	Q06493
YPR127W	Q06494
YPR128C	Q06497
YPR129W	P45978
YPR131C	Q06504
YPR132W	P0CX29
YPR132W	P0CX30
YPR133C	Q06505
YPR133W-A	P80967
YPR134W	P08593
YPR135W	Q01454
YPR137C-A	P0CX57
YPR137C-A	P0CX58
YPR137C-B	P0C2I9
YPR137W	Q06506
YPR138C	P53390
YPR139C	Q06508
YPR140W	Q06510
YPR141C	P17119
YPR143W	Q06511
YPR144C	Q06512
YPR145C-A	Q2V2P0
YPR145W	P49089
YPR147C	Q06522
YPR148C	Q06523
YPR149W	Q12207
YPR151C	Q06524
YPR152C	Q06525
YPR153W	Q06537
YPR154W	Q06449
YPR155C	Q12374
YPR156C	Q06451
YPR157W	Q06466
YPR158C-C	Q6Q5H1
YPR158C-D	P0C2J1
YPR158W	Q06469
YPR158W-A	P0CX59
YPR158W-A	P0CX60
YPR158W-B	P0C2J0
YPR159C-A	Q8TGQ7
YPR159W	P32486
YPR160W	P06738
YPR161C	P23293
YPR162C	P54791
YPR163C	P34167
YPR164W	Q06211
YPR165W	P06780
YPR166C	P10663
YPR167C	P18408
YPR168W	Q06213
YPR169W	Q06214
YPR170W-B	P0C5R9
YPR171W	Q06604
YPR172W	Q06608
YPR173C	P52917
YPR174C	Q06616
YPR175W	P24482
YPR176C	P20133
YPR178W	P20053
YPR179C	Q06623
YPR180W	Q06624
YPR181C	P15303
YPR182W	P54999
YPR183W	P14020
YPR184W	Q06625
YPR185W	Q06628
YPR186C	P39933
YPR187W	P20435
YPR188C	Q06580
YPR189W	P17883
YPR190C	P32349
YPR191W	P07257
YPR192W	P0CD91
YPR193C	Q06592
YPR194C	Q06593
YPR196W	Q06595
YPR198W	P33335
YPR199C	Q06596
YPR200C	Q06597
YPR201W	Q06598
YPR202W	Q08993
YPR203W	Q08994
YPR204W	Q08995
